task,worker,answer
0,45,7
0,11,7
0,61,7
0,79,7
0,35,6
0,39,2
0,49,4
0,83,4
0,26,5
0,60,8
1,28,9
1,7,0
1,64,2
1,18,3
1,30,9
1,58,9
1,10,9
1,19,9
1,66,4
1,36,9
2,34,3
2,29,3
2,58,1
2,66,1
2,8,3
2,1,1
2,59,3
2,95,3
2,70,6
3,16,3
3,5,7
3,90,4
3,71,7
3,89,6
3,4,7
3,28,3
3,2,7
3,64,7
4,1,5
4,38,6
4,2,0
4,3,6
4,67,3
4,62,4
4,11,9
4,61,2
4,31,2
4,4,2
5,60,4
5,99,4
5,23,7
5,72,4
5,65,4
5,10,2
5,71,4
5,7,0
5,97,9
5,68,7
6,66,2
6,43,2
6,47,4
6,77,6
6,28,4
6,48,8
6,49,8
6,56,5
6,81,6
6,98,8
7,2,1
7,31,1
7,57,8
7,66,8
7,47,1
7,72,6
7,51,1
7,29,6
7,16,1
7,81,0
8,10,1
8,32,1
8,15,1
8,74,7
8,97,1
8,70,3
8,67,0
9,83,2
9,48,5
9,35,6
9,4,3
9,79,0
9,92,6
9,45,6
9,15,6
9,10,6
9,76,6
10,7,9
10,24,8
10,5,8
10,43,8
10,31,8
10,51,8
10,47,2
10,16,8
10,46,3
10,65,8
11,54,2
11,6,8
11,80,5
11,82,0
11,66,5
11,71,9
11,88,5
11,35,5
11,40,5
11,75,5
12,27,3
12,0,3
12,52,3
12,5,3
12,66,0
12,94,6
12,33,2
12,7,3
12,32,1
13,46,9
13,1,3
13,35,7
13,28,9
13,57,9
13,32,2
13,9,1
13,95,9
13,89,9
14,57,4
14,34,6
14,63,4
14,3,4
14,78,7
14,14,4
14,85,0
14,37,4
14,48,4
14,32,4
15,64,9
15,20,7
15,61,7
15,40,7
15,55,1
15,77,7
15,79,7
15,73,5
15,1,7
15,47,6
16,84,3
16,83,2
16,31,5
16,29,4
16,93,4
16,15,4
16,68,5
16,66,0
17,73,0
17,37,7
17,22,7
17,36,9
17,64,7
17,11,4
17,65,7
17,53,7
17,51,7
17,92,7
18,61,9
18,49,9
18,97,7
18,35,0
18,27,9
18,30,9
18,46,7
18,36,2
18,71,9
18,83,1
19,48,1
19,28,7
19,5,1
19,71,1
19,98,1
19,1,1
19,65,6
19,29,9
19,9,1
19,91,3
20,16,9
20,4,6
20,67,8
20,17,8
20,9,8
20,12,8
20,0,9
20,60,9
20,87,5
21,81,0
21,61,5
21,78,8
21,30,0
21,7,4
21,56,0
21,29,0
21,66,0
21,90,0
22,37,6
22,15,0
22,31,7
22,11,7
22,40,7
22,5,7
22,86,0
22,55,7
23,29,2
23,76,2
23,64,2
23,41,3
23,21,4
23,4,2
23,42,6
23,0,4
23,77,0
23,87,2
24,25,2
24,51,5
24,7,8
24,14,2
24,17,2
24,5,2
24,46,4
24,23,2
24,20,2
25,51,1
25,97,1
25,84,1
25,28,2
25,65,1
25,48,1
25,9,5
25,23,3
25,60,1
25,4,1
26,17,4
26,66,9
26,24,4
26,80,0
26,10,8
26,46,4
26,44,6
26,65,4
26,73,3
26,51,7
27,84,3
27,8,1
27,54,1
27,34,1
27,90,2
27,89,1
27,33,6
27,4,5
27,77,1
27,87,5
28,86,1
28,28,5
28,31,5
28,81,4
28,52,5
28,76,5
28,77,3
28,91,5
28,84,5
29,50,5
29,82,8
29,51,0
29,12,1
29,57,8
29,17,8
29,52,7
29,85,3
29,63,2
30,26,9
30,25,6
30,82,4
30,17,2
30,12,4
30,63,9
30,10,3
30,84,3
30,0,8
30,28,2
31,18,8
31,14,8
31,2,5
31,87,3
31,84,8
31,91,8
31,71,0
31,61,8
31,79,0
32,34,6
32,17,0
32,84,3
32,1,9
32,49,9
32,31,5
32,83,9
32,20,1
32,77,8
33,53,8
33,97,4
33,60,3
33,3,3
33,52,8
33,33,3
33,66,2
33,56,8
33,45,8
33,78,4
34,48,5
34,96,9
34,23,5
34,83,2
34,37,5
34,79,5
34,16,9
34,15,4
34,57,5
34,82,5
35,4,3
35,34,4
35,89,4
35,14,0
35,21,2
35,98,1
35,22,4
35,72,4
35,62,3
35,32,9
36,97,4
36,84,0
36,20,4
36,15,2
36,82,2
36,98,6
36,60,6
36,35,7
36,14,6
36,26,6
37,72,9
37,89,8
37,97,8
37,40,0
37,53,9
37,48,3
37,78,3
37,6,3
37,94,3
37,4,0
38,34,0
38,29,2
38,76,8
38,78,0
38,5,0
38,87,3
38,52,0
38,95,9
38,63,4
39,87,8
39,35,8
39,91,5
39,10,2
39,80,5
39,19,5
39,20,5
39,13,5
39,44,3
39,23,5
40,23,5
40,88,8
40,3,7
40,13,5
40,9,1
40,7,2
40,27,9
40,83,8
40,20,8
40,91,8
41,9,2
41,57,1
41,94,8
41,29,2
41,33,0
41,13,0
41,17,8
41,72,2
41,61,7
41,40,2
42,68,9
42,39,5
42,80,1
42,43,5
42,15,4
42,9,8
42,11,8
42,14,0
42,79,2
43,38,3
43,95,7
43,2,3
43,90,6
43,43,3
43,32,3
43,25,3
43,44,8
43,81,2
43,10,3
44,44,5
44,66,5
44,22,5
44,99,5
44,80,8
44,45,5
44,6,6
44,39,5
44,98,5
44,69,5
45,85,0
45,97,2
45,87,8
45,39,2
45,50,5
45,5,2
45,62,6
45,71,2
45,7,8
45,26,2
46,23,2
46,26,0
46,5,0
46,75,0
46,71,0
46,6,3
46,42,0
46,11,6
46,28,9
47,48,0
47,80,0
47,66,7
47,37,0
47,85,0
47,0,2
47,41,0
47,88,0
47,31,4
47,11,4
48,14,3
48,23,3
48,41,3
48,27,3
48,57,3
48,90,7
48,32,3
48,46,3
48,36,3
49,62,8
49,97,4
49,73,9
49,53,5
49,71,9
49,19,4
49,94,9
49,47,0
49,75,2
50,25,9
50,14,9
50,17,9
50,19,9
50,18,9
50,7,7
50,60,9
50,95,9
50,64,9
50,8,9
51,57,8
51,34,7
51,63,0
51,2,2
51,42,3
51,92,8
51,3,1
51,83,7
51,95,7
52,77,9
52,76,9
52,33,6
52,7,9
52,67,3
52,28,9
52,64,5
52,13,4
53,1,5
53,19,5
53,69,7
53,21,0
53,58,8
53,34,5
53,2,6
53,17,7
53,11,5
54,87,4
54,80,0
54,99,4
54,30,3
54,41,5
54,10,4
54,64,4
54,12,4
54,73,7
54,11,4
55,6,8
55,0,8
55,54,3
55,7,6
55,9,9
55,4,8
55,69,8
55,48,8
55,57,5
55,35,8
56,78,7
56,4,1
56,41,1
56,74,5
56,75,8
56,19,1
56,62,1
56,63,5
56,51,1
57,59,1
57,68,0
57,62,4
57,34,2
57,75,3
57,18,7
57,90,3
57,96,1
57,53,3
57,79,7
58,45,9
58,25,1
58,95,9
58,4,9
58,82,9
58,93,4
58,14,9
58,81,8
58,3,9
58,88,5
59,22,9
59,86,9
59,98,8
59,68,8
59,59,9
59,48,6
59,74,2
59,81,3
59,34,8
59,92,5
60,13,3
60,6,0
60,18,3
60,62,3
60,7,8
60,67,3
60,4,3
60,26,9
60,1,3
61,49,3
61,88,0
61,34,0
61,32,0
61,58,7
61,50,1
61,25,0
61,55,3
61,79,5
62,3,1
62,96,1
62,11,1
62,52,1
62,26,7
62,31,5
62,97,1
62,55,9
62,84,8
62,81,3
63,11,0
63,21,3
63,19,0
63,53,7
63,92,2
63,4,4
63,71,4
63,0,1
63,72,9
63,15,4
64,84,3
64,67,9
64,29,7
64,70,4
64,31,7
64,75,7
64,89,7
64,79,4
64,82,9
64,60,6
65,62,0
65,15,0
65,37,3
65,6,4
65,65,4
65,44,4
65,66,4
65,33,4
65,74,7
66,45,5
66,1,5
66,57,2
66,29,5
66,41,2
66,72,4
66,82,5
66,49,5
66,97,4
66,32,5
67,72,2
67,47,4
67,19,4
67,22,5
67,90,0
67,62,4
67,14,4
67,79,8
67,28,4
68,41,5
68,77,3
68,50,1
68,71,5
68,36,2
68,29,5
68,26,5
68,59,8
69,69,6
69,78,6
69,21,6
69,32,9
69,46,6
69,81,2
69,12,6
69,92,7
69,51,7
69,60,2
70,49,9
70,41,0
70,89,8
70,83,2
70,56,9
70,13,9
70,58,3
70,14,9
70,47,5
70,76,9
71,35,0
71,91,9
71,32,6
71,47,6
71,33,8
71,99,9
71,78,1
71,15,9
71,17,0
71,43,8
72,50,5
72,6,3
72,4,5
72,13,5
72,92,6
72,25,5
72,99,5
72,79,3
72,94,0
72,55,4
73,2,3
73,6,8
73,50,5
73,42,7
73,70,3
73,17,3
73,30,1
73,90,9
73,11,5
74,12,8
74,8,8
74,67,8
74,92,8
74,84,8
74,40,8
74,64,5
74,38,0
74,95,8
75,54,1
75,27,6
75,8,2
75,91,2
75,65,2
75,80,9
75,85,2
75,41,2
75,62,2
76,19,0
76,54,8
76,38,4
76,83,8
76,31,3
76,66,8
76,90,1
76,49,3
76,96,7
76,87,8
77,41,4
77,47,4
77,84,6
77,24,4
77,21,4
77,87,4
77,0,8
77,27,5
77,16,3
78,51,2
78,48,4
78,63,4
78,72,4
78,90,4
78,27,9
78,88,3
78,65,4
78,13,8
78,98,4
79,89,1
79,57,4
79,44,7
79,38,8
79,81,8
79,66,8
79,87,1
79,14,8
79,15,3
79,95,2
80,47,7
80,75,9
80,72,7
80,7,3
80,24,3
80,16,7
80,62,9
80,30,3
80,59,8
81,86,4
81,92,8
81,44,4
81,30,1
81,53,1
81,40,1
81,18,1
81,50,4
82,22,6
82,77,2
82,45,6
82,98,6
82,44,5
82,10,6
82,67,6
82,19,4
82,31,6
82,90,4
83,14,3
83,88,9
83,77,4
83,61,4
83,57,4
83,74,7
83,81,6
83,34,4
83,33,4
83,40,1
84,16,2
84,60,8
84,69,8
84,79,5
84,26,8
84,62,8
84,74,2
84,83,7
85,93,0
85,77,5
85,97,7
85,80,2
85,16,0
85,84,7
85,4,9
85,61,8
85,57,7
86,2,7
86,54,4
86,82,4
86,59,4
86,73,4
86,88,5
86,55,5
86,6,6
86,67,4
86,71,2
87,44,9
87,73,8
87,12,7
87,37,3
87,67,8
87,30,3
87,21,0
87,60,5
87,48,3
88,89,4
88,58,4
88,44,0
88,49,4
88,37,4
88,90,9
88,54,5
88,9,2
88,84,5
88,12,6
89,90,6
89,85,5
89,80,0
89,65,8
89,73,4
89,44,9
89,97,8
89,18,7
89,62,0
89,23,0
90,85,0
90,73,0
90,6,8
90,50,0
90,36,0
90,37,7
90,72,0
90,92,0
90,53,5
90,57,1
91,18,7
91,93,6
91,10,2
91,44,0
91,49,4
91,35,4
91,56,1
91,62,4
91,17,2
91,60,4
92,50,6
92,66,6
92,6,3
92,28,5
92,33,0
92,0,3
92,78,3
92,96,8
92,68,9
92,63,6
93,40,2
93,97,8
93,67,9
93,74,6
93,82,8
93,29,2
93,17,9
93,3,4
93,21,8
93,61,1
94,26,0
94,37,7
94,36,6
94,79,8
94,15,3
94,35,4
94,98,7
94,11,6
94,68,7
95,32,2
95,81,9
95,91,0
95,94,8
95,43,8
95,42,1
95,8,5
95,48,2
95,89,7
95,24,7
96,5,4
96,94,1
96,92,4
96,70,3
96,25,1
96,78,5
96,7,4
96,67,6
96,44,4
97,9,2
97,25,2
97,28,4
97,68,3
97,49,2
97,83,2
97,54,8
97,92,2
97,31,2
97,91,2
98,52,6
98,45,2
98,41,2
98,22,9
98,75,2
98,44,2
98,5,2
98,4,6
98,31,5
99,89,9
99,18,9
99,30,1
99,93,1
99,88,7
99,19,1
99,16,4
99,40,2
99,2,1
99,51,6
100,46,8
100,54,5
100,79,5
100,22,5
100,88,5
100,39,8
100,43,5
100,26,6
100,31,5
100,4,5
101,68,4
101,69,4
101,15,6
101,97,6
101,65,4
101,63,4
101,84,4
101,37,6
101,21,4
101,11,4
102,99,8
102,76,8
102,58,2
102,90,8
102,95,8
102,20,3
102,72,8
102,64,8
102,22,8
102,43,3
103,57,1
103,71,7
103,21,3
103,48,7
103,47,5
103,51,7
103,8,6
103,33,5
103,64,6
103,50,7
104,63,3
104,20,7
104,29,0
104,2,0
104,45,0
104,34,0
104,64,3
104,97,0
104,32,0
104,71,0
105,72,8
105,92,2
105,6,9
105,64,4
105,13,4
105,86,4
105,9,1
105,53,6
105,30,4
105,88,2
106,35,1
106,62,1
106,83,3
106,39,1
106,89,9
106,1,1
106,66,6
106,45,8
106,71,1
107,70,2
107,51,8
107,21,1
107,32,9
107,14,2
107,5,2
107,62,2
107,71,2
107,54,3
108,7,6
108,9,4
108,5,7
108,39,6
108,69,6
108,65,6
108,14,6
108,60,0
108,70,2
109,60,5
109,44,5
109,2,9
109,13,9
109,57,9
109,36,2
109,14,9
109,51,0
109,23,2
109,73,0
110,32,0
110,8,3
110,22,4
110,50,7
110,94,3
110,41,3
110,79,3
110,24,3
110,39,3
110,18,2
111,19,7
111,14,2
111,25,9
111,96,7
111,53,7
111,63,9
111,35,1
111,97,6
111,79,7
111,10,7
112,40,6
112,35,0
112,49,6
112,55,5
112,75,8
112,17,4
112,73,8
112,97,2
112,32,6
113,13,3
113,31,8
113,47,2
113,90,9
113,73,8
113,81,2
113,56,8
113,66,7
113,21,1
113,96,8
114,41,8
114,83,8
114,43,8
114,37,1
114,62,8
114,63,4
114,0,8
114,27,7
114,46,8
114,90,4
115,92,4
115,81,4
115,60,9
115,2,1
115,24,4
115,5,4
115,6,4
115,63,4
115,1,4
115,59,9
116,22,1
116,74,3
116,92,3
116,87,3
116,89,3
116,4,8
116,65,3
116,31,3
117,43,8
117,97,2
117,88,8
117,22,0
117,44,6
117,77,6
117,95,8
117,73,0
117,37,8
117,69,8
118,48,4
118,13,8
118,61,9
118,73,4
118,84,8
118,18,0
118,39,8
118,94,4
118,69,2
118,22,8
119,44,8
119,21,8
119,38,8
119,66,8
119,82,8
119,61,6
119,95,8
119,13,2
119,63,8
120,67,2
120,22,8
120,81,0
120,25,1
120,66,8
120,60,5
120,98,8
120,42,8
120,92,7
121,24,6
121,31,0
121,23,0
121,41,9
121,95,5
121,54,8
121,79,8
121,51,6
121,66,9
121,9,6
122,74,5
122,52,2
122,34,7
122,7,2
122,37,0
122,94,1
122,59,5
122,42,0
122,77,0
123,79,4
123,13,4
123,63,5
123,56,5
123,5,4
123,9,8
123,4,7
123,66,3
123,8,4
123,69,4
124,67,1
124,12,1
124,80,9
124,8,2
124,17,5
124,47,0
124,1,1
124,83,1
124,56,1
124,91,4
125,10,7
125,75,0
125,68,8
125,88,8
125,3,8
125,93,3
125,39,7
125,5,8
125,96,0
125,44,8
126,82,4
126,89,8
126,18,4
126,15,4
126,88,4
126,90,4
126,59,4
126,30,4
126,44,4
127,52,7
127,63,4
127,16,9
127,14,7
127,95,7
127,53,0
127,57,8
127,97,7
127,77,9
127,79,7
128,83,3
128,85,7
128,55,3
128,45,3
128,30,3
128,31,2
128,98,4
128,13,2
128,47,4
129,39,7
129,13,8
129,20,8
129,24,8
129,30,8
129,53,5
129,80,8
129,17,8
129,44,8
130,3,7
130,65,7
130,46,7
130,28,7
130,36,3
130,19,7
130,4,8
130,37,7
130,96,7
130,78,7
131,64,0
131,0,0
131,33,8
131,84,8
131,36,4
131,61,8
131,85,8
131,53,2
131,9,8
132,21,6
132,76,2
132,35,1
132,20,7
132,82,2
132,0,3
132,3,2
132,25,9
132,66,1
132,4,2
133,29,0
133,39,8
133,93,0
133,91,0
133,17,3
133,36,5
133,46,0
133,31,3
133,99,0
134,77,9
134,27,7
134,42,5
134,50,7
134,75,7
134,58,6
134,64,7
134,18,7
134,79,7
134,87,9
135,74,8
135,14,8
135,20,2
135,23,8
135,58,1
135,7,8
135,78,8
135,55,2
136,61,8
136,2,1
136,51,8
136,12,8
136,88,5
136,45,8
136,72,9
136,19,8
136,58,7
136,54,5
137,39,2
137,3,2
137,17,4
137,32,9
137,59,2
137,31,2
137,55,7
137,38,1
137,40,2
137,27,8
138,59,3
138,45,3
138,18,3
138,53,4
138,68,8
138,19,3
138,10,0
138,33,1
138,7,3
138,22,3
139,78,8
139,36,2
139,32,2
139,25,3
139,95,2
139,37,2
139,26,7
139,81,2
139,15,0
139,19,2
140,98,2
140,84,7
140,23,2
140,37,3
140,82,2
140,15,6
140,46,0
140,67,8
140,13,8
141,49,0
141,47,9
141,93,8
141,63,3
141,75,1
141,54,9
141,25,1
141,36,2
141,30,1
141,6,1
142,17,0
142,12,6
142,60,4
142,94,6
142,56,4
142,96,7
142,69,6
142,59,6
142,65,6
142,91,7
143,4,5
143,5,5
143,97,5
143,28,4
143,93,5
143,86,1
143,48,5
143,79,5
143,69,5
143,22,7
144,47,2
144,44,6
144,49,6
144,86,9
144,50,1
144,89,3
144,26,6
144,45,6
144,33,6
145,1,6
145,26,2
145,94,2
145,78,2
145,8,2
145,49,2
145,24,2
145,41,2
145,77,1
146,37,7
146,97,1
146,18,1
146,59,7
146,21,6
146,19,4
146,79,7
146,15,4
146,11,6
146,72,2
147,61,0
147,64,0
147,77,1
147,16,0
147,46,0
147,15,0
147,36,1
147,8,0
148,7,3
148,4,3
148,31,3
148,66,7
148,85,3
148,18,9
148,60,3
148,92,7
148,6,0
148,0,1
149,67,3
149,12,2
149,50,6
149,89,6
149,86,2
149,51,7
149,90,2
149,19,1
149,21,2
149,53,4
150,60,7
150,12,5
150,99,5
150,47,5
150,88,5
150,49,9
150,32,6
150,66,5
150,21,4
151,22,9
151,88,4
151,38,4
151,89,8
151,4,8
151,92,4
151,65,4
151,43,4
151,13,2
152,38,8
152,9,8
152,50,2
152,49,8
152,86,8
152,22,8
152,82,8
152,46,6
152,55,9
153,4,5
153,94,1
153,79,6
153,88,4
153,97,4
153,48,4
153,33,6
153,40,9
153,67,0
154,93,4
154,74,8
154,0,6
154,68,9
154,15,0
154,76,4
154,95,4
154,16,2
154,7,6
154,4,6
155,21,7
155,97,5
155,62,7
155,48,7
155,23,9
155,90,7
155,24,7
155,4,7
155,76,6
155,59,1
156,29,1
156,75,2
156,91,1
156,72,1
156,62,9
156,34,4
156,27,6
156,90,7
156,73,1
157,87,3
157,63,8
157,65,4
157,73,0
157,40,4
157,46,3
157,80,3
157,42,3
157,18,3
157,81,3
158,69,7
158,51,9
158,79,4
158,99,7
158,73,7
158,85,6
158,76,1
158,18,7
158,5,6
158,92,4
159,90,4
159,74,2
159,47,4
159,43,2
159,79,2
159,95,2
159,8,2
159,5,2
159,22,2
160,8,0
160,78,0
160,45,2
160,72,6
160,57,7
160,30,0
160,28,0
160,36,1
161,89,9
161,31,5
161,9,2
161,61,5
161,39,9
161,99,0
161,94,7
161,80,0
161,78,0
161,29,0
162,95,8
162,98,8
162,41,8
162,70,8
162,27,8
162,47,9
162,15,0
162,42,7
162,2,0
163,13,7
163,78,0
163,77,1
163,1,6
163,81,0
163,64,9
163,95,0
163,86,0
163,68,0
163,83,1
164,17,1
164,53,0
164,35,1
164,47,9
164,49,1
164,15,2
164,48,1
164,26,1
164,27,6
165,56,2
165,80,0
165,93,1
165,69,2
165,0,2
165,31,9
165,64,6
165,73,2
165,83,2
165,10,3
166,24,1
166,81,8
166,37,1
166,41,4
166,44,1
166,86,5
166,20,7
166,17,1
166,61,1
167,78,8
167,89,1
167,69,1
167,13,7
167,29,1
167,76,1
167,22,6
167,27,3
167,60,7
167,17,4
168,77,9
168,27,1
168,7,2
168,78,0
168,32,1
168,2,1
168,96,7
168,13,3
168,62,0
168,95,0
169,15,7
169,28,6
169,25,2
169,59,5
169,7,0
169,27,8
169,13,0
169,52,0
169,11,7
169,76,0
170,36,0
170,75,0
170,67,1
170,84,1
170,51,1
170,44,1
170,48,1
170,95,1
170,76,6
170,81,5
171,30,7
171,11,0
171,51,9
171,89,0
171,58,7
171,19,3
171,44,6
171,65,2
171,54,2
171,25,6
172,17,4
172,24,4
172,85,7
172,36,6
172,0,5
172,89,7
172,1,4
172,78,4
172,22,4
172,41,8
173,40,6
173,42,7
173,82,7
173,94,7
173,68,7
173,74,7
173,85,2
173,18,1
174,33,8
174,99,4
174,62,5
174,26,9
174,59,9
174,17,4
174,82,4
174,30,4
174,21,4
175,71,9
175,58,1
175,22,9
175,16,0
175,12,1
175,56,9
175,65,5
175,89,9
175,49,9
175,0,9
176,31,3
176,3,7
176,14,0
176,30,0
176,9,0
176,51,6
176,1,0
176,15,4
176,24,0
177,3,7
177,59,9
177,1,5
177,40,6
177,21,0
177,37,5
177,94,5
177,49,5
177,50,3
177,97,4
178,26,6
178,10,6
178,67,1
178,74,8
178,33,9
178,83,8
178,87,9
178,62,5
178,58,6
179,67,4
179,0,2
179,64,7
179,89,7
179,86,7
179,5,7
179,4,3
179,94,1
179,95,7
179,90,7
180,30,0
180,81,0
180,78,9
180,56,2
180,31,4
180,59,8
180,18,0
180,11,0
180,62,0
180,89,2
181,22,4
181,58,0
181,6,4
181,12,4
181,52,4
181,68,8
181,46,4
181,18,2
181,20,5
181,26,9
182,21,3
182,36,4
182,5,3
182,37,9
182,1,3
182,14,3
182,94,7
182,2,3
182,30,3
183,93,0
183,29,0
183,67,8
183,78,4
183,79,6
183,75,5
183,85,6
183,30,0
183,56,4
184,89,5
184,65,1
184,61,1
184,32,1
184,87,2
184,73,7
184,67,1
184,46,1
184,84,7
184,10,1
185,76,7
185,88,1
185,29,9
185,30,9
185,49,9
185,61,3
185,2,9
185,92,9
185,13,9
186,98,7
186,68,7
186,16,8
186,48,7
186,0,0
186,35,2
186,51,5
186,89,7
186,96,7
186,54,4
187,7,9
187,37,6
187,51,9
187,42,6
187,76,3
187,66,8
187,47,4
187,90,9
187,99,9
187,61,9
188,55,4
188,64,4
188,21,8
188,67,1
188,87,2
188,93,4
188,44,4
188,1,8
188,16,8
188,72,8
189,23,5
189,87,6
189,85,5
189,0,6
189,39,6
189,98,6
189,31,6
189,2,3
190,79,0
190,51,5
190,34,5
190,29,5
190,89,5
190,12,5
190,5,5
190,94,5
190,76,5
191,47,1
191,87,8
191,18,8
191,92,8
191,96,7
191,75,8
191,1,8
191,44,8
191,50,0
191,73,9
192,68,8
192,87,5
192,94,7
192,44,2
192,88,8
192,6,8
192,63,8
192,50,1
192,20,7
192,9,7
193,88,0
193,37,7
193,29,4
193,96,6
193,28,4
193,18,4
193,92,9
193,2,4
193,41,4
194,4,3
194,37,3
194,49,3
194,16,3
194,10,3
194,79,5
194,41,2
194,69,3
194,48,3
194,53,3
195,80,4
195,78,7
195,83,6
195,74,6
195,49,6
195,55,6
195,39,6
195,88,7
195,61,6
195,7,6
196,9,2
196,21,1
196,5,8
196,94,8
196,30,8
196,55,5
196,33,2
196,35,4
196,11,0
197,31,0
197,25,2
197,66,0
197,62,0
197,76,7
197,81,6
197,47,0
197,87,0
197,26,0
197,42,0
198,80,1
198,10,0
198,99,1
198,70,1
198,81,1
198,45,1
198,37,7
198,85,2
198,43,2
198,5,1
199,20,9
199,30,3
199,49,3
199,91,9
199,8,3
199,59,2
199,80,3
199,48,3
200,39,0
200,73,2
200,93,4
200,11,2
200,65,4
200,22,4
200,5,2
200,55,2
200,18,5
200,56,2
201,50,4
201,12,1
201,26,1
201,46,1
201,59,6
201,97,1
201,40,0
201,41,1
201,49,8
202,53,6
202,42,4
202,50,2
202,98,8
202,99,8
202,1,8
202,9,9
202,68,8
202,7,1
202,87,8
203,6,7
203,50,7
203,33,7
203,12,7
203,21,3
203,28,9
203,93,3
203,79,9
203,29,7
204,78,1
204,34,8
204,88,8
204,89,4
204,50,8
204,19,8
204,38,8
204,72,1
204,30,8
205,38,4
205,13,0
205,77,6
205,41,1
205,67,0
205,46,8
205,10,4
205,50,8
205,39,6
206,44,1
206,24,1
206,39,1
206,99,1
206,56,0
206,82,1
206,50,3
206,64,0
206,89,5
206,91,6
207,51,7
207,86,7
207,43,7
207,1,7
207,37,2
207,58,6
207,81,9
207,33,3
207,44,2
207,30,7
208,15,5
208,50,8
208,7,2
208,6,8
208,10,8
208,48,8
208,99,8
208,61,8
208,94,5
209,96,8
209,19,0
209,14,3
209,22,3
209,29,0
209,35,0
209,87,8
209,8,0
209,25,7
209,5,2
210,86,3
210,23,2
210,59,0
210,19,2
210,12,8
210,90,1
210,91,3
210,80,1
210,39,5
210,13,2
211,91,0
211,68,9
211,74,2
211,58,4
211,88,5
211,24,0
211,63,0
211,54,0
211,77,0
212,56,5
212,1,1
212,11,9
212,2,1
212,67,1
212,25,7
212,43,8
212,21,8
212,69,1
212,80,7
213,26,0
213,14,7
213,67,2
213,44,0
213,56,0
213,64,0
213,58,0
213,42,5
213,34,0
213,2,8
214,48,9
214,69,9
214,7,9
214,50,9
214,26,9
214,70,4
214,60,0
214,1,9
214,90,4
215,36,7
215,93,2
215,27,4
215,45,4
215,76,2
215,91,2
215,35,6
215,14,4
215,78,2
215,4,8
216,51,4
216,4,7
216,97,1
216,37,2
216,16,9
216,26,1
216,72,4
216,66,4
216,62,0
216,53,1
217,74,2
217,43,3
217,76,3
217,53,3
217,41,6
217,84,4
217,25,3
217,36,6
217,9,7
218,53,4
218,8,4
218,1,0
218,52,0
218,51,2
218,39,8
218,72,0
218,5,7
218,96,4
218,20,7
219,73,7
219,37,2
219,34,4
219,29,7
219,10,4
219,50,0
219,74,7
219,84,2
219,94,8
220,14,9
220,31,9
220,78,9
220,68,9
220,43,2
220,9,1
220,54,9
220,86,9
220,30,9
220,15,6
221,56,7
221,59,0
221,49,0
221,98,0
221,86,0
221,10,0
221,90,6
221,66,5
221,41,0
221,21,0
222,10,3
222,42,3
222,13,3
222,59,4
222,87,3
222,9,3
222,7,2
222,57,3
222,89,2
223,48,1
223,97,3
223,26,1
223,81,1
223,82,1
223,68,6
223,20,1
223,14,1
223,67,8
223,66,3
224,46,8
224,26,3
224,87,5
224,80,3
224,82,3
224,4,9
224,31,3
224,3,1
225,95,1
225,58,6
225,14,1
225,20,9
225,88,8
225,22,1
225,43,2
225,25,8
225,7,8
225,67,7
226,76,9
226,10,1
226,16,1
226,1,1
226,99,1
226,51,0
226,83,5
226,39,5
226,20,8
226,53,4
227,68,1
227,89,9
227,65,7
227,17,7
227,76,0
227,83,7
227,28,6
227,88,7
227,41,7
227,60,7
228,58,0
228,38,0
228,50,5
228,65,0
228,36,0
228,68,7
228,60,7
228,13,7
228,24,6
228,17,7
229,83,0
229,39,8
229,40,7
229,61,3
229,34,3
229,7,6
229,67,0
229,24,6
229,80,1
229,31,8
230,83,2
230,51,1
230,70,2
230,43,3
230,93,0
230,2,9
230,67,3
230,28,2
230,20,1
230,55,2
231,32,2
231,58,1
231,78,2
231,64,9
231,7,5
231,27,2
231,35,5
231,72,0
231,80,2
231,34,2
232,97,5
232,10,0
232,17,3
232,30,0
232,81,6
232,92,7
232,20,0
232,40,0
232,47,8
233,31,8
233,42,7
233,19,5
233,10,1
233,69,8
233,68,6
233,67,8
233,53,9
233,9,3
233,70,0
234,70,6
234,58,3
234,35,4
234,64,3
234,82,4
234,26,0
234,41,4
234,36,4
234,29,4
234,37,4
235,53,0
235,52,0
235,38,3
235,60,0
235,12,8
235,84,6
235,83,9
235,86,0
235,1,0
236,64,8
236,61,0
236,73,7
236,70,8
236,39,0
236,59,6
236,97,6
236,42,0
236,81,7
237,46,3
237,71,2
237,2,3
237,49,5
237,59,0
237,23,3
237,37,2
237,98,5
237,77,5
238,68,1
238,44,1
238,25,7
238,64,2
238,75,1
238,97,3
238,65,1
238,54,5
238,17,9
238,78,1
239,47,3
239,57,7
239,83,1
239,49,7
239,69,7
239,7,8
239,92,7
239,3,7
239,29,7
240,4,8
240,24,2
240,13,9
240,56,2
240,95,2
240,70,2
240,90,1
240,72,2
240,76,2
240,71,7
241,42,7
241,83,7
241,40,4
241,93,3
241,0,2
241,62,9
241,70,2
241,74,4
241,45,2
242,17,6
242,39,3
242,94,3
242,81,9
242,3,3
242,70,0
242,82,3
242,26,2
242,52,3
242,93,3
243,12,5
243,11,2
243,66,2
243,20,3
243,26,1
243,51,2
243,10,6
243,87,2
243,83,2
244,93,8
244,28,1
244,77,3
244,22,0
244,94,1
244,41,7
244,59,9
244,6,0
244,88,8
244,97,7
245,12,7
245,99,7
245,80,7
245,0,6
245,37,7
245,91,0
245,89,7
245,5,6
245,52,7
245,23,7
246,90,4
246,29,4
246,24,4
246,32,6
246,7,4
246,42,5
246,22,9
246,68,4
246,74,3
247,48,9
247,58,9
247,57,8
247,63,9
247,99,9
247,83,9
247,81,5
247,64,9
247,40,0
247,70,3
248,64,9
248,79,1
248,80,7
248,5,0
248,56,1
248,8,4
248,37,0
248,99,0
248,30,0
249,78,3
249,40,1
249,86,9
249,88,1
249,11,0
249,7,1
249,37,0
249,4,4
249,51,6
249,21,5
250,22,4
250,64,6
250,99,6
250,24,6
250,52,4
250,42,5
250,44,6
250,39,6
250,18,6
250,20,5
251,6,2
251,18,4
251,66,5
251,73,9
251,52,9
251,85,9
251,53,5
251,23,4
251,59,9
251,93,4
252,14,1
252,39,6
252,93,7
252,21,4
252,80,1
252,57,7
252,95,1
252,38,2
252,47,1
252,31,1
253,85,5
253,99,8
253,41,5
253,29,8
253,97,8
253,11,3
253,70,8
253,6,3
253,51,8
253,34,8
254,52,7
254,77,8
254,49,8
254,64,8
254,6,8
254,46,6
254,48,8
254,98,8
254,90,6
254,66,8
255,79,3
255,1,3
255,75,2
255,34,3
255,58,4
255,36,3
255,43,3
255,33,7
255,72,3
255,2,3
256,31,7
256,63,3
256,15,2
256,29,2
256,36,2
256,52,2
256,64,1
256,49,2
256,48,2
256,11,3
257,33,0
257,78,9
257,70,2
257,69,1
257,72,1
257,22,9
257,56,9
257,47,3
257,82,9
257,60,4
258,54,5
258,67,1
258,29,5
258,63,5
258,4,5
258,33,5
258,91,5
258,12,3
258,34,5
259,75,7
259,85,9
259,69,8
259,97,4
259,59,8
259,81,8
259,93,8
259,38,8
259,73,1
260,72,5
260,51,4
260,48,7
260,27,7
260,14,7
260,93,9
260,61,3
260,85,2
260,18,6
260,43,1
261,43,4
261,55,8
261,62,6
261,98,6
261,39,6
261,37,6
261,80,1
261,46,1
261,94,4
262,84,4
262,67,9
262,25,5
262,39,9
262,10,5
262,62,5
262,60,9
262,69,7
262,85,3
262,5,1
263,28,5
263,92,6
263,55,7
263,63,6
263,9,4
263,98,2
263,17,1
263,11,4
263,86,6
264,73,4
264,2,6
264,57,2
264,91,6
264,93,2
264,31,5
264,24,4
264,77,4
264,9,8
264,54,4
265,3,2
265,65,1
265,32,1
265,55,1
265,69,2
265,28,1
265,64,6
265,46,2
265,33,1
266,21,7
266,55,3
266,32,7
266,56,7
266,64,0
266,1,0
266,9,2
266,50,1
266,0,5
266,66,6
267,2,9
267,9,8
267,79,8
267,42,0
267,28,8
267,6,8
267,22,7
267,82,8
268,9,4
268,32,7
268,3,7
268,23,7
268,44,4
268,42,2
268,72,8
268,76,3
268,7,7
268,48,7
269,77,6
269,2,6
269,58,6
269,12,4
269,74,2
269,62,7
269,47,6
269,10,0
269,84,6
270,20,1
270,54,2
270,55,5
270,18,6
270,14,0
270,83,0
270,59,8
270,67,0
270,93,3
270,30,0
271,35,0
271,64,3
271,24,3
271,96,4
271,25,3
271,33,9
271,26,9
271,5,3
271,42,9
271,16,3
272,16,8
272,43,6
272,89,1
272,73,0
272,56,4
272,76,4
272,86,0
272,39,8
273,27,6
273,52,7
273,5,9
273,14,7
273,10,7
273,13,3
273,51,6
273,63,8
273,93,2
273,96,7
274,11,6
274,94,6
274,12,6
274,27,9
274,76,3
274,9,9
274,24,9
274,81,1
275,24,1
275,61,1
275,54,1
275,1,1
275,74,6
275,96,9
275,97,7
275,89,5
275,13,7
276,14,8
276,48,9
276,43,8
276,18,8
276,91,8
276,6,8
276,56,8
276,78,7
276,69,8
276,23,9
277,51,3
277,41,6
277,16,0
277,97,6
277,79,6
277,49,4
277,60,1
277,24,6
277,14,6
277,78,8
278,65,3
278,51,3
278,89,3
278,0,5
278,46,6
278,40,0
278,92,7
278,55,3
278,71,3
279,19,0
279,5,0
279,57,3
279,0,0
279,67,0
279,98,0
279,53,0
279,95,0
279,24,7
280,25,1
280,65,1
280,15,9
280,0,2
280,69,1
280,28,1
280,41,4
280,56,1
280,60,1
280,19,1
281,59,0
281,30,0
281,85,3
281,14,0
281,69,0
281,60,8
281,42,9
281,36,0
281,64,3
281,17,0
282,82,5
282,83,9
282,48,5
282,22,8
282,62,5
282,86,5
282,58,9
282,69,5
282,51,5
283,99,9
283,47,6
283,42,6
283,96,6
283,34,6
283,82,6
283,26,8
283,65,6
283,54,6
283,32,2
284,52,7
284,45,7
284,31,7
284,57,7
284,28,7
284,88,7
284,96,5
284,53,1
284,43,7
284,14,7
285,36,9
285,70,3
285,34,3
285,21,2
285,89,0
285,82,3
285,53,1
285,15,3
285,25,7
286,27,1
286,39,2
286,79,9
286,48,9
286,68,9
286,50,2
286,97,7
286,6,9
286,40,9
287,51,7
287,93,5
287,74,1
287,9,4
287,29,7
287,6,7
287,0,0
287,49,7
287,37,7
287,21,1
288,90,0
288,62,7
288,13,2
288,75,0
288,23,3
288,60,1
288,21,0
288,15,0
288,41,0
288,99,5
289,43,3
289,85,9
289,34,3
289,62,3
289,1,3
289,74,3
289,9,3
289,98,3
289,82,3
290,95,9
290,1,9
290,7,8
290,88,9
290,71,6
290,83,5
290,25,1
290,9,3
290,84,7
291,11,0
291,48,2
291,21,2
291,7,2
291,97,3
291,73,3
291,59,5
291,0,8
291,10,4
291,20,6
292,50,6
292,46,6
292,15,7
292,56,5
292,19,6
292,1,2
292,42,3
292,8,2
292,21,2
293,53,0
293,19,3
293,34,3
293,49,3
293,24,4
293,79,3
293,98,3
293,47,1
293,4,1
293,56,3
294,28,3
294,57,9
294,42,3
294,85,6
294,63,0
294,75,8
294,62,0
294,48,7
294,88,2
294,82,2
295,95,9
295,66,9
295,24,9
295,8,7
295,36,5
295,91,9
295,37,1
295,59,7
295,53,6
295,41,5
296,41,7
296,64,9
296,35,7
296,81,3
296,54,7
296,52,7
296,47,1
296,85,6
296,16,7
297,44,5
297,90,9
297,33,1
297,93,9
297,57,9
297,61,9
297,69,1
297,0,1
297,56,1
298,7,1
298,94,1
298,51,1
298,35,1
298,26,1
298,52,1
298,90,1
298,98,1
298,97,1
298,83,4
299,57,1
299,86,5
299,6,7
299,28,0
299,67,8
299,15,0
299,85,0
299,29,0
299,41,0
300,32,5
300,70,8
300,42,8
300,84,2
300,99,6
300,11,8
300,26,8
300,67,7
300,69,6
300,90,8
301,17,8
301,14,0
301,42,5
301,20,0
301,31,0
301,57,4
301,9,0
301,36,8
301,74,0
302,86,6
302,7,2
302,79,9
302,57,5
302,98,9
302,18,4
302,50,4
302,39,9
302,15,0
302,33,9
303,10,1
303,80,4
303,70,4
303,37,3
303,14,1
303,89,1
303,5,1
303,17,4
303,3,1
303,47,1
304,8,1
304,48,0
304,27,5
304,96,7
304,92,9
304,57,0
304,58,4
304,51,9
305,60,4
305,46,6
305,49,7
305,7,2
305,83,6
305,56,2
305,30,6
305,89,2
305,58,1
306,35,8
306,13,0
306,28,6
306,27,9
306,0,5
306,46,9
306,61,6
306,11,7
306,79,1
306,42,9
307,98,6
307,76,0
307,37,9
307,87,0
307,54,6
307,67,7
307,61,6
307,36,8
307,73,7
308,44,6
308,69,6
308,65,6
308,57,5
308,27,6
308,52,6
308,77,6
308,62,0
308,50,6
309,2,4
309,76,2
309,10,2
309,1,2
309,51,2
309,4,6
309,73,1
309,28,2
309,96,4
310,78,2
310,97,0
310,82,7
310,11,5
310,66,2
310,37,7
310,12,7
310,43,0
310,18,3
310,71,9
311,45,6
311,48,2
311,75,4
311,74,0
311,71,2
311,38,4
311,27,4
311,51,1
311,26,5
311,91,2
312,27,1
312,91,1
312,33,1
312,7,5
312,81,6
312,57,2
312,76,1
312,44,2
312,46,1
312,3,7
313,1,8
313,61,8
313,71,6
313,17,8
313,84,6
313,50,8
313,86,8
313,7,2
313,93,8
314,20,7
314,72,7
314,26,9
314,0,7
314,50,3
314,35,7
314,74,4
314,81,7
314,38,9
315,40,1
315,57,6
315,61,7
315,30,6
315,95,6
315,89,6
315,15,6
315,81,8
315,45,6
315,6,5
316,49,5
316,22,1
316,3,1
316,57,1
316,86,1
316,36,9
316,41,1
316,67,8
316,55,1
317,94,5
317,87,2
317,70,4
317,81,5
317,25,5
317,49,5
317,61,3
317,22,5
317,34,5
317,50,5
318,26,8
318,9,8
318,67,8
318,41,6
318,1,8
318,20,4
318,74,2
318,86,9
318,48,8
318,79,7
319,50,0
319,12,6
319,77,2
319,38,2
319,16,4
319,6,2
319,68,7
319,72,8
319,51,4
319,75,2
320,55,4
320,72,8
320,57,7
320,84,6
320,6,1
320,89,9
320,36,9
320,31,1
320,12,1
320,27,1
321,92,5
321,20,0
321,5,6
321,69,6
321,43,6
321,34,6
321,52,7
321,11,6
321,82,6
321,87,4
322,21,0
322,85,0
322,1,2
322,81,9
322,8,9
322,69,2
322,7,7
322,24,2
322,54,2
322,4,2
323,21,4
323,58,1
323,32,7
323,71,5
323,48,7
323,63,7
323,88,7
323,35,8
323,40,6
323,6,7
324,41,5
324,27,6
324,14,8
324,77,2
324,96,4
324,92,4
324,50,6
324,85,6
324,39,4
325,70,8
325,8,4
325,99,4
325,14,2
325,91,2
325,68,6
325,47,8
325,11,2
325,21,0
325,34,4
326,49,8
326,53,8
326,29,8
326,60,4
326,83,7
326,45,8
326,85,1
326,18,7
326,21,8
326,39,8
327,94,8
327,96,6
327,5,6
327,13,6
327,3,1
327,10,6
327,9,9
327,4,4
327,31,5
328,31,9
328,6,9
328,32,9
328,9,9
328,65,9
328,63,1
328,27,7
328,99,9
328,23,8
328,5,9
329,89,4
329,66,4
329,33,8
329,65,4
329,38,4
329,1,4
329,79,3
329,45,4
329,2,4
329,94,1
330,35,0
330,69,0
330,92,1
330,84,2
330,55,4
330,48,0
330,98,0
330,68,5
330,41,0
330,86,0
331,89,1
331,71,8
331,30,3
331,85,2
331,11,9
331,67,7
331,32,8
331,18,8
331,37,3
332,65,0
332,79,2
332,99,1
332,87,2
332,31,9
332,21,7
332,71,9
332,66,4
332,22,9
332,18,1
333,55,3
333,56,9
333,95,3
333,86,2
333,53,5
333,26,3
333,76,4
333,21,3
333,20,3
333,40,9
334,52,4
334,97,7
334,61,0
334,28,6
334,23,1
334,32,6
334,15,0
334,65,4
334,59,5
334,31,6
335,67,6
335,91,6
335,25,2
335,6,7
335,85,2
335,2,6
335,46,3
335,10,8
335,61,2
335,5,2
336,14,9
336,76,9
336,99,2
336,25,9
336,36,4
336,89,4
336,43,0
336,28,6
336,26,9
336,81,9
337,16,9
337,99,1
337,79,6
337,61,1
337,35,9
337,60,1
337,55,1
337,39,4
337,91,4
337,14,1
338,99,8
338,5,8
338,28,0
338,90,8
338,22,0
338,26,7
338,72,6
338,29,8
338,49,8
338,52,2
339,17,4
339,29,4
339,14,4
339,93,7
339,16,1
339,1,4
339,82,4
339,64,9
339,92,5
339,49,1
340,0,7
340,32,7
340,31,8
340,64,4
340,82,7
340,38,1
340,3,2
340,16,9
340,45,7
340,61,7
341,86,2
341,78,7
341,97,7
341,66,5
341,0,3
341,45,5
341,95,5
341,84,6
341,46,5
341,9,5
342,87,0
342,32,0
342,18,0
342,1,5
342,42,8
342,64,8
342,44,0
342,22,0
342,61,0
343,12,8
343,9,8
343,78,8
343,33,1
343,3,3
343,10,1
343,59,1
343,39,1
343,22,1
344,87,9
344,74,7
344,8,7
344,54,7
344,45,7
344,47,0
344,40,7
344,84,7
345,27,2
345,74,0
345,70,2
345,47,5
345,2,2
345,90,5
345,26,8
345,73,2
345,30,2
345,56,2
346,11,8
346,83,5
346,61,4
346,69,8
346,49,8
346,64,9
346,4,2
346,59,8
346,52,8
347,88,0
347,78,0
347,7,5
347,48,0
347,97,0
347,27,0
347,69,8
347,59,0
347,77,3
348,70,9
348,26,9
348,10,4
348,86,9
348,8,9
348,41,0
348,51,9
348,60,1
349,54,3
349,42,9
349,14,9
349,62,2
349,25,7
349,24,2
349,82,9
349,77,9
349,9,1
350,54,2
350,80,4
350,39,8
350,70,4
350,98,4
350,77,7
350,49,4
350,63,4
350,72,4
350,50,3
351,18,4
351,77,4
351,83,8
351,23,1
351,60,4
351,43,4
351,91,4
351,51,9
351,3,4
352,41,2
352,79,5
352,29,2
352,88,5
352,96,3
352,60,2
352,39,8
352,55,3
352,64,8
352,46,3
353,63,0
353,33,7
353,46,6
353,84,6
353,98,0
353,40,0
353,93,0
353,43,0
353,0,0
353,49,3
354,91,3
354,50,3
354,75,5
354,82,8
354,3,5
354,40,5
354,18,1
354,24,1
354,92,9
355,20,4
355,3,1
355,38,4
355,42,4
355,86,1
355,72,3
355,63,2
355,80,0
355,81,2
356,73,4
356,3,7
356,9,4
356,57,4
356,34,4
356,99,4
356,58,4
356,11,4
356,74,8
356,37,3
357,75,0
357,20,8
357,74,2
357,98,5
357,80,9
357,46,0
357,58,3
357,59,5
357,26,5
357,63,5
358,34,4
358,30,3
358,50,5
358,77,3
358,89,2
358,61,6
358,2,5
358,0,4
358,53,5
358,93,5
359,64,3
359,55,3
359,34,3
359,83,3
359,19,3
359,18,8
359,81,5
359,58,3
359,84,5
360,11,5
360,56,5
360,90,7
360,35,5
360,3,5
360,81,7
360,94,2
360,24,5
360,8,5
360,23,9
361,98,7
361,21,4
361,82,7
361,95,7
361,39,7
361,5,7
361,40,7
361,24,7
361,12,2
362,93,3
362,42,4
362,58,7
362,97,0
362,87,2
362,18,9
362,20,3
362,71,5
362,29,3
362,55,8
363,4,4
363,65,6
363,13,4
363,84,0
363,12,7
363,42,0
363,61,0
363,37,8
363,6,0
363,49,0
364,59,3
364,80,2
364,37,9
364,44,1
364,53,1
364,68,9
364,90,9
364,27,9
364,46,9
364,9,3
365,1,2
365,20,5
365,23,0
365,43,2
365,78,2
365,93,9
365,76,1
365,33,2
365,82,2
365,89,4
366,75,2
366,4,3
366,26,1
366,13,0
366,72,5
366,11,3
366,41,6
366,65,3
366,73,0
367,52,9
367,27,6
367,49,3
367,50,6
367,79,7
367,63,5
367,93,8
367,37,6
367,82,6
367,15,2
368,8,4
368,3,1
368,20,1
368,81,1
368,16,1
368,29,1
368,7,1
368,63,2
369,35,8
369,33,4
369,69,8
369,55,1
369,6,8
369,19,8
369,10,2
369,78,0
369,53,3
370,54,3
370,62,3
370,9,3
370,11,4
370,16,2
370,93,3
370,18,3
370,69,3
370,29,3
370,55,3
371,58,0
371,10,9
371,0,8
371,73,8
371,59,4
371,87,4
371,26,0
371,54,4
371,46,4
371,13,7
372,45,2
372,90,9
372,17,3
372,19,2
372,96,6
372,79,2
372,81,0
372,5,2
372,63,3
372,39,8
373,94,6
373,14,6
373,60,7
373,82,5
373,37,2
373,12,2
373,69,6
373,5,1
373,51,2
373,73,2
374,94,2
374,42,1
374,10,0
374,88,4
374,57,4
374,78,2
374,77,2
374,50,2
374,30,2
375,76,1
375,73,7
375,49,1
375,27,1
375,50,2
375,64,4
375,33,1
375,0,1
375,45,1
375,71,0
376,79,0
376,81,1
376,89,0
376,24,0
376,58,8
376,62,5
376,22,0
376,44,0
376,6,0
376,67,1
377,45,5
377,23,2
377,80,2
377,90,2
377,73,2
377,7,2
377,42,4
377,67,2
377,1,2
377,98,6
378,32,3
378,54,7
378,62,2
378,1,3
378,93,2
378,58,1
378,89,1
378,94,3
378,38,3
379,30,6
379,94,6
379,26,3
379,34,6
379,69,6
379,42,6
379,84,4
379,40,5
379,70,8
379,88,0
380,72,0
380,58,6
380,52,4
380,47,2
380,3,4
380,46,0
380,31,3
380,56,8
380,43,4
380,32,3
381,55,1
381,86,6
381,40,1
381,36,8
381,23,1
381,69,1
381,6,8
381,91,3
381,3,1
381,88,1
382,16,3
382,85,3
382,72,4
382,0,4
382,54,9
382,75,2
382,52,3
382,88,0
382,34,3
382,13,3
383,25,0
383,10,1
383,19,5
383,11,5
383,35,5
383,45,5
383,52,5
383,5,5
383,77,1
383,50,5
384,42,7
384,46,7
384,98,0
384,29,7
384,23,6
384,99,0
384,36,7
384,51,7
384,87,9
384,58,7
385,64,9
385,79,1
385,21,7
385,37,8
385,52,1
385,49,1
385,35,1
385,4,1
385,54,1
386,71,0
386,36,0
386,18,0
386,45,0
386,33,5
386,7,2
386,47,0
386,41,0
386,74,2
386,14,4
387,15,7
387,73,5
387,24,5
387,85,5
387,65,5
387,49,5
387,54,6
387,64,5
387,81,9
387,2,5
388,73,5
388,46,4
388,74,2
388,8,5
388,3,0
388,30,2
388,67,4
388,82,2
388,2,9
388,15,2
389,83,9
389,37,9
389,88,3
389,50,6
389,12,5
389,5,9
389,84,1
389,91,0
389,28,6
390,37,3
390,54,3
390,56,1
390,13,5
390,74,6
390,26,1
390,32,2
390,78,3
390,76,0
391,99,6
391,81,0
391,89,8
391,58,8
391,31,4
391,73,2
391,19,0
391,17,4
391,74,3
391,26,7
392,99,7
392,93,6
392,6,7
392,81,6
392,59,6
392,74,7
392,22,2
392,8,6
392,45,6
393,19,2
393,75,9
393,91,5
393,10,2
393,60,2
393,77,5
393,6,4
393,9,2
393,76,2
393,18,9
394,98,1
394,90,5
394,8,1
394,33,1
394,95,1
394,28,6
394,3,1
394,7,1
394,1,1
395,30,2
395,95,2
395,13,5
395,70,0
395,98,2
395,16,2
395,79,8
395,25,3
395,37,3
395,65,1
396,89,0
396,29,7
396,23,1
396,96,5
396,77,9
396,7,1
396,59,8
396,82,0
396,12,8
396,24,0
397,21,6
397,24,1
397,90,1
397,9,1
397,62,6
397,8,2
397,18,9
397,76,1
397,56,2
398,80,8
398,11,8
398,13,8
398,88,8
398,9,8
398,98,8
398,38,8
398,28,8
398,15,8
398,10,5
399,12,3
399,59,7
399,84,1
399,47,3
399,93,7
399,54,7
399,43,7
399,42,4
399,27,4
399,81,2
400,27,6
400,67,7
400,30,1
400,53,5
400,40,9
400,25,9
400,19,1
400,85,1
400,29,1
400,7,1
401,54,9
401,43,9
401,85,9
401,69,9
401,38,8
401,95,9
401,45,9
401,89,0
401,79,5
401,6,0
402,75,3
402,56,5
402,11,0
402,48,6
402,22,6
402,81,8
402,72,1
402,15,4
402,3,6
402,50,6
403,75,2
403,12,0
403,65,9
403,27,8
403,84,8
403,40,3
403,69,8
403,57,3
403,26,5
403,76,2
404,3,7
404,28,9
404,2,0
404,31,7
404,67,3
404,55,0
404,15,7
404,82,7
404,91,6
404,32,7
405,93,1
405,40,1
405,89,7
405,42,7
405,67,6
405,31,9
405,22,2
405,71,7
405,41,7
406,71,4
406,39,0
406,47,4
406,28,3
406,51,8
406,95,3
406,38,6
406,14,6
406,33,6
407,31,9
407,25,9
407,76,9
407,21,8
407,11,9
407,95,9
407,89,9
407,33,9
407,40,1
407,2,8
408,4,0
408,78,8
408,7,8
408,14,1
408,50,8
408,92,0
408,37,8
408,20,8
408,94,8
408,90,6
409,45,1
409,95,1
409,96,8
409,72,2
409,31,1
409,50,8
409,52,1
409,29,1
409,1,1
409,94,1
410,5,5
410,54,5
410,97,5
410,34,5
410,48,9
410,11,3
410,9,5
410,71,5
410,42,6
411,7,9
411,87,0
411,81,6
411,16,2
411,66,0
411,38,9
411,70,0
411,43,5
411,72,3
411,52,3
412,83,0
412,55,8
412,39,0
412,10,9
412,77,0
412,79,9
412,36,7
412,40,0
412,48,0
412,74,5
413,6,9
413,36,5
413,42,6
413,16,6
413,54,5
413,78,5
413,2,5
413,1,5
413,79,5
414,13,8
414,38,8
414,91,8
414,18,5
414,68,8
414,42,8
414,58,2
414,15,7
414,4,8
415,89,2
415,88,4
415,75,2
415,83,7
415,87,2
415,29,7
415,98,7
415,97,7
415,39,3
415,33,1
416,18,2
416,27,2
416,7,4
416,61,8
416,99,0
416,90,2
416,69,0
416,73,5
416,57,7
416,62,7
417,89,4
417,97,4
417,44,0
417,64,9
417,74,2
417,32,9
417,18,6
417,15,8
417,34,4
417,52,5
418,66,7
418,80,2
418,98,7
418,77,6
418,51,7
418,43,0
418,74,1
418,36,6
418,70,7
418,24,7
419,71,9
419,98,7
419,87,9
419,26,7
419,41,2
419,43,9
419,74,9
419,62,8
419,61,9
419,80,4
420,43,4
420,83,9
420,60,8
420,69,1
420,48,4
420,20,4
420,8,1
420,22,7
420,61,4
420,57,0
421,57,5
421,93,8
421,1,3
421,10,4
421,46,1
421,25,4
421,43,1
421,22,0
421,70,4
422,71,8
422,35,1
422,86,3
422,45,1
422,76,1
422,84,1
422,50,0
422,93,0
422,58,1
422,23,1
423,22,4
423,26,7
423,66,6
423,47,4
423,29,4
423,45,4
423,9,4
423,33,4
423,85,6
423,43,5
424,0,8
424,40,7
424,41,4
424,4,4
424,79,5
424,33,8
424,7,0
424,17,4
424,83,4
424,5,4
425,67,7
425,40,0
425,46,1
425,0,7
425,34,7
425,78,7
425,53,6
425,45,7
425,10,8
425,41,3
426,88,6
426,14,6
426,90,6
426,18,7
426,58,9
426,57,6
426,68,5
426,95,6
426,26,6
427,94,7
427,74,3
427,32,9
427,13,6
427,77,9
427,87,9
427,59,9
427,86,9
427,63,9
428,16,7
428,17,6
428,84,6
428,83,7
428,56,7
428,44,2
428,79,0
428,43,9
428,99,7
429,68,8
429,52,9
429,54,8
429,6,5
429,90,8
429,93,6
429,2,7
429,50,3
430,13,5
430,81,6
430,48,5
430,8,0
430,17,1
430,76,7
430,34,5
430,88,8
431,73,5
431,5,5
431,24,3
431,60,4
431,46,5
431,86,3
431,91,5
431,21,5
431,88,5
431,27,2
432,54,4
432,31,1
432,20,8
432,88,0
432,24,4
432,5,4
432,43,6
432,87,0
433,80,1
433,29,1
433,57,1
433,71,1
433,98,4
433,96,5
433,56,1
433,90,1
433,78,7
434,94,0
434,43,8
434,85,6
434,26,9
434,57,8
434,58,9
434,64,3
434,36,8
435,6,4
435,21,8
435,78,8
435,61,7
435,70,8
435,68,0
435,89,8
435,92,0
435,97,6
436,65,1
436,31,0
436,22,0
436,75,3
436,47,1
436,39,6
436,11,1
436,10,1
436,59,1
436,32,1
437,85,9
437,41,0
437,12,9
437,32,5
437,31,8
437,0,7
437,94,2
437,20,9
437,87,1
437,7,7
438,95,7
438,97,4
438,58,5
438,44,4
438,4,4
438,1,4
438,40,3
438,18,0
438,71,4
438,94,4
439,50,0
439,41,6
439,72,4
439,93,6
439,53,5
439,80,3
439,92,0
439,44,6
440,90,9
440,35,0
440,11,0
440,50,0
440,59,0
440,48,0
440,84,1
440,8,0
440,19,0
440,16,0
441,12,8
441,86,8
441,40,2
441,77,6
441,68,6
441,34,6
441,35,6
441,67,6
441,93,2
442,45,3
442,92,0
442,4,8
442,24,9
442,81,3
442,83,8
442,10,7
442,54,4
442,37,5
442,41,7
443,39,6
443,51,9
443,82,6
443,96,6
443,93,6
443,68,6
443,28,6
443,41,8
443,38,5
443,37,6
444,27,6
444,62,9
444,89,8
444,28,5
444,15,7
444,46,1
444,98,7
444,75,6
444,55,7
445,53,3
445,93,3
445,32,3
445,30,7
445,49,5
445,98,3
445,29,9
445,88,6
445,4,3
446,16,3
446,26,3
446,90,3
446,43,4
446,66,3
446,46,3
446,95,3
446,77,3
446,41,3
446,59,3
447,94,6
447,74,4
447,3,6
447,98,7
447,66,8
447,95,9
447,19,6
447,23,6
447,28,3
447,24,6
448,62,0
448,29,3
448,44,5
448,79,9
448,68,6
448,0,6
448,41,9
448,92,8
448,54,6
449,84,0
449,97,7
449,27,6
449,61,1
449,14,0
449,79,0
449,37,1
449,88,3
449,8,2
449,45,1
450,37,6
450,3,9
450,96,6
450,12,7
450,79,6
450,39,6
450,63,3
450,65,6
450,69,6
450,43,9
451,81,8
451,85,8
451,32,1
451,84,3
451,95,2
451,63,9
451,77,6
451,56,6
451,21,7
451,6,5
452,53,0
452,59,3
452,77,4
452,34,2
452,79,0
452,7,5
452,11,8
452,41,7
452,68,0
452,38,4
453,81,7
453,57,6
453,65,0
453,31,6
453,75,6
453,21,6
453,93,5
453,86,0
453,91,8
454,82,4
454,96,9
454,41,4
454,99,4
454,93,4
454,75,4
454,45,4
454,54,5
454,83,4
454,6,5
455,51,9
455,77,7
455,69,7
455,32,6
455,62,7
455,21,2
455,96,7
455,92,7
455,97,7
455,27,6
456,81,5
456,57,0
456,10,5
456,2,4
456,19,3
456,90,7
456,29,4
456,23,5
457,59,3
457,39,6
457,35,4
457,17,9
457,84,4
457,65,4
457,64,4
457,18,4
457,31,4
457,37,7
458,48,6
458,15,8
458,32,8
458,72,6
458,18,6
458,76,6
458,42,3
458,93,6
458,90,2
458,45,6
459,27,8
459,32,2
459,23,1
459,50,9
459,62,7
459,46,0
459,19,1
459,83,1
459,63,1
459,45,1
460,83,6
460,22,9
460,9,5
460,84,5
460,73,6
460,85,0
460,87,1
460,11,6
460,70,1
461,54,5
461,16,2
461,39,5
461,30,5
461,23,7
461,61,5
461,72,9
461,42,8
461,21,5
461,79,9
462,35,6
462,39,2
462,7,6
462,48,6
462,42,6
462,46,7
462,58,6
462,63,6
462,97,5
462,85,2
463,21,5
463,60,0
463,97,0
463,29,0
463,45,0
463,89,0
463,76,0
463,30,0
463,13,8
464,75,3
464,38,4
464,39,4
464,10,4
464,20,4
464,9,4
464,48,4
464,64,2
464,66,7
465,14,3
465,9,3
465,22,2
465,86,8
465,92,3
465,61,0
465,6,3
465,90,3
466,27,6
466,87,6
466,94,6
466,89,7
466,31,6
466,65,3
466,14,6
466,55,8
466,72,6
467,8,6
467,93,9
467,73,2
467,96,0
467,30,2
467,50,2
467,76,2
467,57,2
467,97,2
467,18,2
468,69,0
468,48,0
468,51,0
468,33,9
468,31,7
468,6,7
468,53,5
468,19,0
468,96,0
469,22,8
469,67,8
469,55,0
469,42,1
469,18,5
469,79,0
469,75,1
469,45,1
469,77,1
469,95,1
470,1,9
470,8,9
470,68,9
470,58,6
470,89,6
470,56,8
470,98,9
470,64,3
470,22,2
470,7,9
471,79,2
471,87,7
471,89,1
471,2,2
471,4,4
471,63,6
471,82,0
471,25,7
471,33,7
471,19,0
472,64,1
472,86,1
472,21,1
472,95,4
472,93,1
472,52,1
472,27,6
472,37,6
472,53,9
472,69,4
473,55,4
473,49,4
473,46,7
473,33,7
473,57,5
473,24,4
473,88,4
473,60,2
473,25,4
473,92,2
474,31,6
474,56,3
474,8,6
474,67,7
474,43,6
474,50,6
474,13,3
474,92,3
474,54,4
475,11,3
475,97,1
475,51,0
475,94,1
475,77,1
475,71,8
475,56,5
475,98,1
475,7,1
476,50,0
476,36,2
476,76,1
476,52,2
476,78,2
476,24,2
476,82,6
476,16,2
476,28,8
476,5,2
477,89,9
477,92,0
477,96,2
477,47,2
477,62,5
477,18,0
477,74,2
477,38,2
477,68,2
477,35,0
478,89,6
478,15,0
478,68,1
478,83,6
478,82,6
478,60,3
478,29,7
478,86,6
478,3,6
478,66,6
479,46,8
479,13,6
479,88,2
479,57,6
479,85,6
479,7,9
479,93,8
479,56,6
479,32,5
479,30,2
480,74,3
480,17,1
480,21,9
480,88,3
480,7,0
480,67,3
480,73,8
480,86,9
480,97,3
480,37,3
481,59,6
481,49,2
481,71,9
481,0,9
481,94,9
481,97,6
481,70,2
481,85,7
481,32,1
481,98,9
482,98,2
482,70,3
482,51,2
482,61,5
482,48,2
482,91,7
482,47,0
482,85,2
482,63,2
482,3,2
483,46,9
483,75,5
483,83,9
483,66,0
483,4,1
483,86,5
483,55,5
483,45,1
483,60,1
484,66,1
484,45,2
484,88,3
484,6,2
484,85,3
484,56,2
484,38,5
484,87,2
484,96,2
484,50,2
485,29,1
485,6,1
485,90,1
485,1,1
485,62,0
485,59,1
485,64,8
485,25,9
485,9,4
486,40,4
486,24,4
486,38,0
486,64,4
486,75,2
486,12,4
486,53,4
486,80,3
486,59,8
486,26,4
487,11,2
487,23,0
487,52,0
487,8,5
487,33,3
487,20,4
487,93,8
487,69,0
487,19,8
487,62,0
488,54,9
488,5,6
488,71,4
488,59,4
488,23,4
488,1,4
488,38,2
488,68,4
488,26,4
488,58,7
489,83,3
489,43,8
489,93,8
489,87,2
489,48,8
489,61,9
489,96,8
489,63,7
489,88,1
489,38,9
490,24,2
490,94,2
490,85,2
490,49,2
490,27,2
490,62,0
490,95,2
490,8,2
491,13,6
491,72,6
491,22,3
491,12,6
491,19,6
491,88,6
491,55,6
491,76,6
491,81,6
492,53,3
492,35,3
492,47,3
492,12,8
492,18,9
492,89,6
492,70,4
492,86,1
492,24,8
493,58,2
493,80,5
493,35,5
493,61,5
493,20,8
493,31,3
493,59,5
493,69,5
493,79,5
493,17,5
494,11,8
494,32,2
494,61,2
494,71,8
494,50,2
494,83,2
494,34,8
494,7,8
494,10,8
495,4,2
495,83,8
495,87,8
495,91,8
495,3,0
495,47,8
495,71,8
495,36,8
495,41,5
496,84,4
496,3,7
496,61,3
496,80,2
496,74,7
496,53,1
496,32,4
496,35,6
496,16,7
496,30,4
497,75,4
497,66,0
497,54,2
497,29,0
497,74,0
497,97,6
497,73,0
497,45,0
497,3,0
497,50,0
498,56,2
498,64,0
498,46,8
498,96,0
498,88,0
498,3,5
498,75,0
498,80,3
498,54,3
498,48,0
499,7,4
499,42,3
499,34,3
499,38,4
499,10,4
499,80,5
499,5,4
499,55,1
499,68,9
499,98,4
500,36,8
500,69,8
500,97,5
500,94,2
500,5,8
500,1,8
500,56,7
500,95,1
500,62,4
500,60,8
501,96,6
501,18,0
501,25,0
501,63,7
501,49,6
501,17,1
501,58,9
501,27,9
501,69,0
502,35,2
502,99,4
502,24,4
502,63,8
502,21,6
502,30,4
502,65,4
502,16,4
502,34,4
502,52,4
503,40,6
503,93,6
503,69,6
503,27,4
503,67,3
503,43,6
503,61,2
503,80,0
503,31,7
504,86,9
504,5,9
504,27,9
504,94,9
504,53,9
504,43,2
504,90,9
504,56,9
504,65,9
505,73,3
505,88,3
505,74,0
505,19,3
505,81,2
505,55,2
505,30,3
505,11,2
505,4,5
505,77,0
506,13,9
506,34,9
506,80,9
506,47,3
506,81,9
506,77,9
506,24,9
506,71,9
507,64,2
507,42,3
507,21,8
507,96,8
507,83,1
507,4,2
507,84,4
507,53,8
507,14,8
507,91,4
508,13,7
508,38,7
508,90,4
508,4,6
508,63,7
508,30,7
508,29,7
508,35,3
508,46,0
508,22,1
509,47,7
509,64,7
509,78,3
509,93,8
509,62,1
509,34,3
509,85,0
509,91,3
509,80,3
510,63,7
510,68,8
510,56,8
510,81,8
510,33,7
510,13,8
510,88,6
510,74,9
510,89,8
510,69,8
511,73,0
511,5,7
511,29,1
511,12,4
511,48,1
511,30,1
511,50,1
511,63,1
511,49,1
511,23,1
512,41,2
512,51,2
512,28,8
512,88,1
512,64,1
512,74,8
512,52,1
512,53,3
512,92,1
512,14,9
513,46,7
513,0,8
513,54,6
513,41,5
513,24,9
513,95,9
513,33,7
513,93,4
513,84,7
514,94,8
514,68,9
514,20,8
514,60,7
514,82,8
514,91,1
514,78,0
514,0,0
514,12,8
515,19,2
515,14,8
515,47,4
515,74,0
515,55,2
515,54,2
515,1,2
515,41,2
515,84,6
515,88,2
516,80,7
516,54,3
516,34,7
516,4,5
516,97,5
516,63,2
516,24,7
516,42,7
516,10,7
516,52,7
517,11,5
517,99,5
517,28,9
517,88,2
517,51,5
517,93,7
517,67,5
517,9,5
517,43,5
517,25,5
518,98,0
518,18,0
518,65,0
518,5,0
518,41,1
518,3,0
518,33,3
518,11,2
518,81,7
518,36,0
519,31,1
519,83,7
519,79,2
519,99,1
519,95,1
519,66,0
519,54,1
519,98,1
519,80,1
519,90,1
520,47,9
520,78,3
520,87,0
520,60,8
520,62,4
520,71,9
520,53,1
520,35,3
520,33,2
520,22,9
521,31,4
521,62,0
521,80,4
521,97,0
521,52,4
521,38,2
521,35,5
521,82,4
521,55,8
521,7,4
522,59,3
522,64,0
522,38,4
522,15,9
522,63,7
522,62,0
522,28,1
522,51,7
522,26,7
523,41,1
523,99,5
523,9,8
523,19,1
523,50,1
523,14,1
523,48,3
523,51,1
523,85,7
524,16,6
524,11,2
524,35,2
524,8,7
524,90,6
524,36,6
524,42,6
524,67,6
524,74,6
524,44,6
525,18,9
525,60,1
525,53,2
525,98,2
525,43,2
525,49,5
525,8,2
525,67,7
525,3,2
525,73,6
526,26,6
526,64,7
526,89,8
526,21,7
526,19,7
526,46,6
526,54,1
526,37,7
526,39,6
526,25,7
527,99,7
527,58,1
527,40,8
527,92,1
527,21,7
527,55,7
527,28,2
527,9,4
527,36,7
527,76,5
528,84,0
528,31,1
528,92,0
528,26,6
528,8,5
528,27,1
528,73,1
528,72,6
528,53,3
528,86,3
529,47,9
529,89,9
529,21,9
529,25,9
529,51,9
529,16,8
529,50,0
529,43,6
529,14,9
530,52,1
530,40,1
530,42,1
530,93,1
530,13,4
530,19,1
530,86,6
530,47,3
530,79,1
530,3,3
531,36,9
531,3,6
531,83,4
531,96,9
531,20,1
531,10,1
531,90,9
531,69,0
532,1,3
532,35,7
532,51,0
532,93,4
532,38,9
532,15,1
532,54,6
532,99,0
532,0,0
533,37,7
533,77,7
533,13,5
533,23,4
533,36,8
533,69,7
533,74,9
533,35,7
533,96,8
534,56,8
534,96,0
534,89,3
534,66,6
534,80,8
534,33,4
534,69,8
534,14,8
534,97,5
534,61,3
535,87,8
535,12,9
535,38,1
535,18,4
535,9,4
535,31,4
535,36,1
535,90,5
535,83,7
535,91,0
536,82,3
536,14,3
536,63,5
536,96,9
536,91,6
536,74,5
536,72,9
536,34,3
536,39,3
537,64,2
537,59,1
537,30,2
537,95,9
537,37,3
537,51,3
537,49,3
537,87,5
537,92,2
537,40,2
538,56,1
538,85,1
538,15,9
538,42,9
538,63,1
538,12,4
538,8,5
538,35,9
539,1,8
539,79,7
539,24,8
539,59,8
539,38,5
539,87,8
539,32,1
539,81,7
540,41,7
540,22,7
540,38,2
540,80,5
540,12,7
540,71,5
540,39,7
540,27,7
540,28,8
540,35,7
541,58,1
541,26,8
541,7,9
541,49,9
541,48,6
541,18,9
541,74,9
541,85,1
541,5,9
541,19,9
542,40,5
542,76,3
542,64,5
542,7,5
542,82,5
542,98,8
542,44,5
542,26,5
542,97,5
542,47,5
543,99,1
543,30,1
543,21,5
543,50,2
543,6,1
543,76,0
543,44,6
543,74,6
543,68,9
543,31,1
544,98,7
544,55,7
544,46,4
544,20,7
544,65,9
544,87,7
544,93,4
544,41,7
544,76,5
544,57,8
545,20,9
545,84,7
545,23,3
545,88,7
545,37,7
545,74,1
545,34,7
545,11,7
545,21,7
546,5,4
546,95,4
546,42,5
546,9,4
546,43,4
546,88,0
546,40,1
546,11,0
546,71,4
547,55,3
547,81,1
547,15,7
547,34,7
547,40,0
547,92,5
547,22,0
547,25,0
547,53,1
548,3,9
548,50,2
548,67,9
548,41,3
548,64,9
548,85,5
548,15,6
548,77,7
548,72,5
548,47,9
549,85,1
549,56,7
549,88,8
549,46,8
549,49,8
549,11,9
549,55,8
549,92,9
549,98,9
549,12,6
550,52,6
550,34,6
550,24,6
550,54,6
550,80,6
550,47,4
550,40,5
550,99,2
550,36,1
551,7,5
551,69,5
551,53,1
551,82,5
551,72,0
551,44,5
551,24,4
551,1,4
551,96,5
551,95,4
552,69,6
552,29,6
552,30,6
552,88,0
552,81,8
552,31,8
552,43,6
552,23,0
552,18,5
552,33,6
553,89,3
553,55,7
553,25,5
553,48,3
553,63,3
553,68,3
553,12,2
553,0,4
553,17,9
554,30,2
554,41,3
554,34,2
554,63,2
554,11,2
554,54,3
554,94,1
554,68,0
554,88,2
554,39,4
555,36,1
555,82,1
555,2,1
555,20,5
555,61,1
555,74,1
555,34,5
555,37,2
555,73,9
556,87,7
556,62,9
556,46,2
556,91,6
556,19,0
556,11,9
556,92,9
556,16,0
556,50,9
556,38,0
557,22,9
557,56,0
557,76,7
557,54,9
557,9,9
557,10,9
557,60,3
557,96,7
557,31,9
557,21,9
558,54,4
558,71,4
558,11,6
558,98,9
558,24,9
558,80,5
558,91,9
558,53,2
558,94,7
558,93,2
559,67,1
559,20,9
559,77,3
559,55,8
559,13,2
559,32,2
559,3,8
559,81,3
559,98,2
559,71,2
560,12,0
560,43,6
560,90,2
560,64,6
560,6,9
560,56,0
560,18,0
560,45,0
560,23,0
560,66,9
561,11,1
561,81,2
561,68,1
561,94,1
561,75,0
561,31,1
561,52,0
561,97,2
562,9,4
562,68,2
562,76,2
562,73,2
562,48,2
562,51,2
562,7,8
562,74,6
562,90,5
563,74,3
563,38,8
563,55,3
563,14,4
563,26,3
563,50,3
563,15,3
563,35,3
563,56,0
563,1,3
564,24,4
564,44,4
564,76,2
564,46,7
564,60,4
564,19,4
564,65,4
564,96,4
564,40,7
565,22,5
565,79,8
565,0,4
565,23,5
565,32,7
565,48,9
565,82,5
565,8,5
565,66,9
565,30,5
566,3,8
566,40,7
566,90,6
566,12,5
566,97,6
566,11,3
566,72,8
566,47,6
566,66,5
567,18,9
567,24,6
567,1,9
567,26,2
567,41,2
567,5,9
567,88,9
567,65,9
567,92,9
567,27,9
568,5,4
568,9,4
568,97,8
568,56,1
568,62,4
568,21,5
568,75,4
568,68,5
568,55,4
568,73,5
569,38,0
569,69,8
569,28,8
569,51,7
569,54,0
569,44,2
569,42,7
569,79,4
569,10,1
569,67,0
570,28,1
570,58,0
570,30,9
570,2,9
570,12,9
570,55,9
570,40,9
570,5,9
570,32,1
571,18,8
571,88,5
571,78,2
571,26,2
571,79,3
571,59,8
571,71,8
571,55,8
571,86,9
571,75,8
572,41,7
572,2,7
572,30,7
572,60,7
572,12,7
572,83,7
572,72,6
572,36,7
572,37,7
572,31,7
573,73,0
573,21,4
573,79,2
573,65,7
573,45,7
573,69,7
573,97,7
573,22,4
573,25,3
573,91,8
574,73,8
574,69,3
574,25,8
574,57,1
574,46,8
574,66,4
574,77,0
574,52,8
574,83,4
574,48,2
575,39,3
575,58,9
575,56,5
575,7,1
575,67,2
575,92,7
575,77,0
575,95,0
575,62,7
576,10,5
576,89,0
576,51,8
576,70,5
576,90,5
576,15,3
576,1,6
576,11,0
576,16,8
577,98,2
577,3,4
577,36,8
577,88,2
577,39,6
577,43,7
577,71,3
577,28,2
577,85,7
577,25,9
578,82,4
578,90,1
578,39,5
578,45,7
578,77,2
578,59,7
578,57,4
578,32,9
578,12,7
578,48,7
579,60,8
579,47,9
579,17,7
579,96,0
579,18,0
579,78,0
579,12,0
579,46,0
579,61,0
580,14,5
580,95,2
580,78,0
580,25,5
580,93,1
580,6,5
580,99,4
580,36,5
580,71,5
580,60,5
581,47,4
581,33,7
581,1,5
581,42,3
581,43,1
581,17,0
581,98,1
581,89,7
581,8,1
581,39,7
582,10,0
582,84,0
582,39,8
582,41,0
582,16,0
582,60,9
582,55,0
582,1,6
582,24,8
582,23,0
583,72,4
583,76,6
583,82,6
583,16,1
583,75,6
583,44,8
583,86,6
583,79,1
583,67,6
584,46,5
584,8,6
584,18,9
584,41,9
584,40,3
584,22,0
584,94,9
584,23,9
584,69,9
584,6,2
585,82,4
585,26,9
585,61,4
585,48,4
585,98,4
585,7,9
585,45,4
585,93,4
585,51,8
585,84,4
586,49,0
586,64,4
586,86,6
586,14,6
586,27,2
586,57,6
586,44,6
586,24,1
586,34,6
587,97,1
587,7,5
587,21,5
587,20,7
587,13,5
587,59,9
587,34,1
587,66,5
587,38,5
588,26,2
588,65,7
588,74,8
588,30,7
588,46,6
588,19,7
588,59,5
588,77,7
588,39,3
588,71,7
589,79,0
589,62,9
589,82,9
589,7,6
589,37,0
589,65,9
589,76,2
589,84,6
589,86,3
589,99,9
590,47,2
590,20,2
590,8,5
590,38,1
590,56,2
590,84,9
590,39,2
591,98,6
591,95,6
591,29,6
591,61,6
591,97,7
591,25,5
591,86,6
591,92,6
591,47,6
591,80,6
592,7,0
592,71,3
592,33,3
592,14,3
592,98,3
592,24,3
592,80,8
592,52,0
592,96,3
592,29,3
593,10,3
593,6,5
593,53,1
593,49,5
593,70,2
593,92,1
593,89,2
593,33,7
593,17,5
593,35,0
594,53,7
594,69,7
594,71,7
594,58,7
594,91,5
594,92,7
594,51,0
594,97,5
594,12,7
595,10,3
595,71,3
595,1,3
595,30,3
595,67,9
595,43,8
595,33,3
595,87,3
595,78,5
596,99,5
596,42,5
596,3,5
596,86,4
596,31,5
596,37,0
596,44,6
596,33,5
596,95,5
597,68,5
597,56,5
597,2,7
597,43,5
597,80,5
597,1,5
597,58,5
597,55,5
597,12,5
597,31,6
598,23,3
598,19,3
598,47,1
598,13,0
598,89,3
598,12,6
598,48,3
598,46,6
598,38,3
599,73,9
599,34,9
599,29,9
599,5,9
599,53,6
599,85,1
599,23,6
599,9,9
599,65,9
599,13,2
600,25,1
600,1,3
600,40,3
600,8,3
600,55,1
600,77,6
600,3,3
600,91,3
601,41,2
601,68,2
601,31,8
601,24,9
601,11,0
601,44,5
601,29,9
601,74,9
601,51,9
601,23,1
602,76,5
602,20,7
602,65,7
602,37,1
602,77,6
602,17,7
602,94,7
602,39,9
602,26,0
602,91,7
603,68,8
603,26,3
603,64,0
603,32,8
603,25,8
603,84,4
603,74,2
603,85,2
603,23,2
604,0,6
604,20,6
604,33,8
604,64,4
604,21,0
604,2,3
604,86,6
604,98,6
604,90,6
604,52,0
605,80,2
605,82,9
605,51,6
605,7,0
605,55,5
605,85,9
605,1,6
605,79,7
605,92,0
605,56,7
606,47,4
606,11,5
606,10,0
606,50,2
606,25,2
606,1,6
606,20,0
606,98,8
606,71,7
606,77,8
607,54,1
607,13,1
607,98,4
607,93,1
607,76,1
607,21,1
607,77,7
607,84,1
607,38,1
607,41,7
608,96,0
608,77,0
608,34,0
608,63,0
608,0,0
608,87,2
608,11,4
608,85,6
608,7,7
609,82,8
609,21,1
609,6,7
609,35,6
609,12,1
609,64,2
609,15,6
609,59,6
609,4,0
609,50,8
610,24,2
610,65,2
610,21,1
610,97,2
610,85,7
610,63,2
610,73,2
610,58,2
610,98,2
610,66,2
611,93,0
611,73,4
611,23,5
611,37,5
611,31,5
611,64,7
611,84,5
611,91,5
611,95,7
612,2,3
612,62,9
612,70,3
612,49,3
612,93,6
612,96,3
612,90,1
612,4,1
612,5,3
612,0,2
613,70,0
613,56,0
613,4,9
613,51,3
613,89,4
613,36,5
613,46,7
613,39,5
613,37,8
613,63,0
614,7,7
614,78,0
614,27,3
614,15,2
614,49,3
614,79,3
614,95,3
614,86,9
614,30,3
614,96,2
615,16,1
615,96,6
615,84,3
615,63,1
615,40,6
615,12,1
615,60,1
615,73,6
615,72,1
615,23,1
616,59,6
616,23,4
616,76,8
616,82,4
616,98,7
616,93,8
616,10,4
616,61,3
617,50,6
617,65,1
617,8,8
617,61,1
617,94,6
617,63,1
617,23,0
617,29,3
617,28,9
618,82,8
618,49,3
618,19,3
618,67,9
618,38,3
618,69,3
618,8,4
618,64,3
618,32,5
618,66,3
619,59,7
619,23,5
619,52,6
619,97,6
619,98,6
619,46,6
619,57,6
619,80,6
619,25,0
620,14,7
620,57,7
620,15,3
620,94,3
620,7,5
620,42,1
620,37,9
620,24,1
620,36,1
621,22,8
621,19,8
621,73,8
621,12,8
621,64,8
621,43,9
621,35,3
621,93,3
621,0,8
621,94,8
622,3,6
622,70,8
622,57,6
622,31,9
622,10,1
622,43,7
622,73,6
622,5,7
623,35,0
623,71,5
623,59,0
623,86,0
623,9,0
623,47,7
623,5,0
623,16,7
623,42,9
624,71,7
624,49,0
624,79,4
624,43,8
624,50,0
624,27,0
624,41,8
624,4,1
624,38,0
625,23,6
625,12,1
625,80,4
625,46,1
625,94,1
625,7,6
625,45,1
625,38,1
625,68,5
626,13,9
626,35,9
626,42,9
626,49,9
626,46,9
626,47,4
626,67,3
626,26,9
626,16,9
627,68,2
627,36,4
627,98,2
627,49,2
627,69,4
627,18,2
627,95,1
627,51,2
627,65,7
627,77,2
628,91,2
628,54,8
628,80,9
628,17,8
628,42,8
628,28,1
628,32,4
628,93,5
628,16,0
628,74,8
629,71,4
629,44,6
629,48,6
629,62,6
629,20,6
629,54,9
629,32,9
629,88,6
629,9,1
630,60,9
630,31,5
630,39,4
630,2,2
630,89,4
630,28,0
630,69,7
630,78,3
630,80,4
630,94,4
631,54,6
631,68,2
631,75,3
631,65,3
631,1,6
631,56,7
631,0,6
631,26,0
631,38,6
631,97,5
632,60,2
632,69,2
632,2,3
632,51,2
632,90,0
632,43,4
632,59,2
632,74,2
632,17,0
632,28,2
633,39,4
633,99,4
633,2,9
633,98,4
633,92,4
633,67,4
633,1,0
633,68,9
633,45,4
633,47,7
634,85,7
634,60,7
634,52,7
634,99,2
634,88,1
634,12,6
634,41,3
634,63,0
634,40,0
634,81,2
635,51,0
635,70,3
635,23,7
635,92,8
635,4,8
635,20,4
635,22,5
635,9,5
636,55,9
636,57,8
636,30,6
636,14,6
636,83,7
636,33,0
636,77,6
636,68,7
636,79,5
636,10,6
637,73,0
637,0,0
637,74,0
637,89,0
637,26,9
637,53,0
637,49,0
637,75,9
637,60,0
637,42,0
638,29,2
638,90,2
638,51,2
638,49,2
638,55,2
638,33,5
638,46,1
638,61,2
638,66,7
639,5,1
639,77,3
639,94,6
639,83,9
639,29,7
639,46,1
639,65,1
639,37,1
639,33,3
640,14,8
640,52,8
640,78,7
640,19,8
640,10,3
640,98,8
640,95,8
640,3,5
640,15,8
641,52,5
641,72,5
641,10,5
641,19,5
641,86,3
641,37,5
641,1,5
641,82,5
641,64,4
641,51,5
642,8,6
642,79,0
642,3,0
642,16,6
642,99,6
642,30,6
642,91,7
642,83,6
642,9,6
643,91,3
643,13,3
643,60,3
643,70,1
643,0,3
643,2,4
643,94,7
643,53,2
643,14,3
644,8,0
644,86,6
644,53,1
644,46,8
644,93,3
644,27,6
644,74,2
644,18,6
644,3,7
644,47,8
645,78,2
645,44,5
645,41,2
645,35,3
645,77,2
645,92,2
645,54,2
645,52,2
645,64,8
645,32,2
646,84,0
646,29,0
646,82,0
646,0,0
646,68,9
646,16,8
646,79,2
646,6,0
646,55,5
647,83,2
647,36,2
647,74,9
647,71,2
647,39,6
647,75,2
647,12,2
647,73,9
647,3,5
647,98,2
648,16,8
648,17,4
648,95,4
648,66,3
648,26,4
648,21,4
648,84,4
648,61,4
648,99,4
648,18,4
649,48,0
649,82,0
649,33,4
649,32,7
649,63,3
649,57,9
649,10,8
649,38,0
649,77,0
649,70,5
650,10,7
650,22,6
650,50,6
650,26,1
650,16,3
650,41,8
650,83,1
650,2,1
650,7,7
651,90,7
651,60,1
651,95,2
651,89,5
651,53,8
651,70,0
651,68,7
651,44,5
651,13,9
651,65,2
652,54,8
652,53,0
652,18,5
652,45,1
652,99,2
652,86,6
652,9,1
652,80,1
652,74,1
652,96,2
653,77,2
653,61,2
653,4,4
653,95,1
653,79,2
653,57,0
653,92,5
653,88,2
653,72,2
653,67,2
654,12,4
654,2,0
654,26,4
654,80,3
654,95,4
654,72,3
654,5,4
654,99,4
654,59,4
655,44,9
655,10,5
655,92,3
655,52,3
655,35,1
655,63,8
655,6,9
655,14,3
655,86,3
655,84,3
656,90,8
656,94,5
656,72,9
656,91,3
656,42,6
656,65,9
656,79,5
656,95,5
656,97,4
656,3,0
657,17,4
657,87,5
657,35,9
657,34,4
657,24,4
657,33,4
657,23,4
657,16,6
657,74,9
658,6,7
658,87,7
658,9,0
658,89,7
658,3,2
658,23,0
658,30,0
658,78,3
659,35,6
659,99,8
659,50,2
659,49,8
659,0,8
659,76,6
659,10,1
659,67,8
659,22,8
660,78,8
660,86,9
660,92,2
660,93,8
660,18,5
660,74,9
660,22,1
660,45,2
660,3,9
660,21,4
661,79,4
661,25,3
661,28,4
661,27,4
661,81,0
661,37,6
661,55,4
661,99,6
661,9,7
661,30,4
662,77,0
662,27,3
662,74,3
662,73,3
662,44,6
662,13,1
662,56,4
662,12,1
662,22,2
662,18,9
663,10,3
663,19,3
663,99,3
663,55,0
663,5,3
663,28,3
663,70,0
663,35,3
663,21,8
663,79,4
664,18,2
664,48,9
664,7,5
664,99,7
664,87,9
664,53,2
664,55,1
664,98,9
664,80,9
664,16,3
665,94,6
665,79,4
665,14,6
665,80,3
665,2,6
665,99,6
665,12,6
665,90,1
665,8,6
666,61,1
666,22,1
666,95,1
666,13,1
666,96,1
666,98,1
666,93,1
666,23,1
667,83,7
667,91,7
667,71,6
667,75,5
667,41,7
667,76,7
667,51,7
667,34,3
667,3,7
668,45,4
668,85,0
668,70,3
668,33,0
668,79,0
668,80,9
668,14,0
668,49,9
668,53,3
668,97,0
669,77,9
669,3,9
669,24,6
669,82,9
669,94,9
669,0,9
669,72,9
669,55,9
669,65,9
669,52,9
670,42,0
670,90,0
670,86,0
670,33,8
670,24,0
670,84,2
670,5,9
670,41,1
670,16,0
670,79,6
671,99,8
671,26,7
671,82,8
671,52,8
671,0,5
671,68,8
671,16,4
671,94,9
671,20,1
672,67,7
672,92,8
672,68,7
672,21,5
672,94,7
672,71,0
672,82,7
672,87,9
672,95,7
672,29,7
673,13,7
673,82,7
673,10,7
673,29,7
673,18,9
673,45,1
673,96,6
673,31,8
673,91,7
674,35,2
674,27,2
674,3,2
674,16,5
674,49,2
674,47,2
674,94,9
674,77,8
674,61,9
675,14,3
675,7,4
675,17,4
675,82,4
675,84,1
675,26,2
675,24,4
675,39,7
675,3,8
675,35,9
676,23,3
676,20,7
676,51,6
676,90,0
676,88,7
676,82,9
676,13,1
676,2,7
676,69,7
677,23,1
677,95,9
677,13,6
677,98,6
677,82,7
677,19,4
677,69,7
677,85,9
677,77,1
677,88,9
678,45,6
678,17,6
678,49,7
678,94,6
678,38,6
678,62,6
678,33,0
678,58,3
678,85,6
678,27,6
679,61,4
679,58,2
679,35,3
679,9,3
679,67,3
679,26,3
679,29,3
679,73,5
679,52,0
679,14,8
680,34,2
680,0,2
680,22,2
680,75,2
680,62,6
680,26,2
680,57,9
680,21,7
680,10,2
680,12,2
681,97,0
681,99,0
681,63,0
681,22,1
681,93,3
681,98,0
681,36,0
681,84,2
681,30,0
682,49,2
682,55,8
682,32,8
682,27,8
682,64,8
682,69,8
682,33,8
682,20,8
682,22,5
682,18,8
683,58,0
683,67,0
683,82,5
683,43,1
683,65,5
683,60,1
683,61,0
683,48,5
683,10,5
684,0,4
684,32,8
684,61,2
684,41,6
684,22,2
684,23,2
684,46,1
684,44,2
684,26,5
685,5,4
685,21,4
685,69,0
685,27,7
685,24,0
685,90,9
685,52,1
685,86,3
685,44,0
686,52,3
686,77,3
686,46,2
686,41,3
686,45,3
686,12,3
686,90,6
686,74,3
686,70,3
686,1,3
687,97,4
687,4,4
687,44,7
687,0,4
687,33,0
687,40,4
687,23,4
687,84,6
687,82,4
688,39,1
688,15,4
688,95,7
688,69,1
688,77,1
688,83,1
688,33,8
688,17,6
689,72,9
689,4,3
689,28,1
689,9,7
689,75,7
689,50,7
689,53,8
689,38,5
690,86,9
690,81,8
690,80,7
690,45,6
690,26,6
690,48,6
690,98,6
690,90,6
690,74,1
690,85,6
691,71,3
691,73,6
691,88,2
691,95,3
691,94,4
691,61,3
691,57,0
691,11,3
691,60,0
692,74,8
692,17,0
692,50,6
692,98,8
692,54,6
692,58,3
692,90,2
692,94,3
692,79,0
692,16,8
693,49,7
693,86,7
693,97,2
693,4,9
693,61,7
693,66,1
693,32,5
693,14,7
693,59,7
693,95,7
694,75,1
694,52,2
694,92,2
694,17,6
694,0,2
694,45,2
694,29,2
694,96,8
694,33,9
694,94,2
695,63,5
695,96,3
695,13,3
695,24,2
695,4,2
695,51,2
695,99,2
695,34,2
695,52,2
695,9,9
696,78,0
696,19,7
696,29,7
696,71,7
696,14,7
696,10,7
696,61,5
696,54,7
696,76,2
696,57,7
697,16,7
697,93,7
697,87,5
697,76,4
697,51,0
697,39,0
697,9,0
697,86,7
697,81,0
697,90,3
698,97,1
698,1,1
698,84,8
698,62,1
698,70,6
698,38,4
698,56,4
698,86,9
698,9,5
698,26,1
699,94,7
699,87,7
699,0,8
699,80,7
699,26,7
699,68,7
699,79,6
699,44,2
699,2,4
700,89,1
700,39,9
700,11,6
700,28,9
700,50,9
700,7,0
700,8,9
700,67,7
700,97,8
701,71,8
701,69,0
701,97,9
701,78,1
701,6,2
701,18,3
701,84,5
701,90,7
701,10,3
701,59,2
702,47,4
702,33,5
702,52,3
702,80,4
702,26,0
702,50,4
702,51,4
702,92,9
702,87,4
702,14,4
703,50,6
703,5,5
703,77,5
703,0,5
703,96,1
703,83,6
703,61,3
703,75,5
703,89,5
704,50,4
704,37,7
704,39,4
704,58,4
704,10,9
704,1,4
704,48,4
704,97,9
704,71,4
704,28,4
705,46,5
705,7,1
705,39,4
705,70,8
705,87,6
705,3,3
705,98,4
705,83,2
705,54,4
706,89,5
706,97,5
706,53,6
706,15,2
706,87,5
706,42,9
706,88,5
706,72,8
706,82,5
707,10,3
707,19,3
707,31,3
707,73,6
707,98,2
707,28,3
707,45,6
707,30,3
707,44,5
707,2,6
708,92,4
708,20,0
708,36,4
708,34,4
708,96,6
708,48,2
708,17,3
708,26,4
708,73,8
708,5,4
709,3,9
709,9,4
709,65,1
709,35,0
709,5,6
709,83,1
709,6,6
709,79,1
709,8,7
709,93,1
710,21,6
710,13,6
710,85,3
710,70,0
710,82,6
710,72,9
710,62,4
710,19,6
710,23,4
710,95,6
711,78,7
711,35,7
711,61,4
711,27,7
711,57,8
711,65,7
711,1,7
711,58,7
711,6,7
712,99,9
712,3,6
712,88,7
712,92,6
712,36,9
712,8,9
712,68,9
712,0,9
712,29,9
712,30,8
713,55,4
713,83,4
713,26,4
713,44,0
713,79,4
713,25,8
713,36,4
713,43,8
713,68,6
713,2,5
714,24,3
714,82,3
714,45,3
714,10,6
714,22,3
714,67,3
714,16,3
714,53,2
714,19,2
714,6,8
715,94,6
715,43,5
715,6,2
715,69,2
715,87,9
715,98,2
715,73,6
715,17,7
715,82,2
716,70,2
716,7,4
716,57,4
716,76,9
716,11,6
716,66,4
716,85,4
716,48,4
716,84,8
716,41,4
717,80,1
717,97,8
717,52,3
717,86,9
717,39,3
717,56,3
717,82,3
717,15,0
717,26,2
717,74,3
718,60,0
718,91,6
718,8,7
718,79,7
718,13,1
718,15,7
718,75,7
718,31,3
719,85,0
719,92,4
719,73,4
719,35,8
719,48,7
719,33,7
719,54,4
719,56,4
719,70,1
719,93,7
720,27,2
720,14,7
720,28,1
720,85,7
720,7,7
720,15,2
720,93,4
720,73,8
720,57,0
720,30,7
721,33,8
721,3,6
721,51,8
721,55,1
721,64,8
721,34,8
721,0,6
721,73,8
721,77,8
721,67,1
722,37,6
722,38,4
722,16,2
722,20,0
722,12,2
722,65,1
722,63,6
722,73,4
723,7,8
723,77,8
723,15,7
723,16,3
723,30,7
723,53,7
723,20,7
723,45,7
723,51,7
723,54,7
724,93,0
724,4,9
724,88,5
724,87,8
724,8,5
724,45,5
724,33,0
724,48,5
724,80,2
725,74,0
725,82,1
725,52,5
725,55,2
725,54,1
725,2,5
725,64,2
725,19,5
725,34,5
725,44,4
726,44,4
726,36,4
726,5,4
726,53,4
726,73,0
726,1,4
726,39,4
726,63,4
727,45,5
727,34,2
727,68,5
727,51,5
727,27,5
727,37,5
727,71,5
727,90,0
727,58,5
728,34,0
728,0,3
728,82,0
728,21,7
728,31,0
728,72,8
728,63,8
728,58,4
728,78,0
728,22,4
729,65,3
729,71,3
729,38,0
729,12,9
729,56,1
729,4,4
729,81,5
729,68,4
729,84,4
730,16,4
730,34,5
730,38,5
730,94,1
730,96,5
730,91,9
730,80,4
730,11,5
730,65,5
731,60,6
731,33,3
731,37,6
731,66,3
731,68,3
731,70,5
731,20,1
731,25,3
731,38,3
732,76,2
732,73,2
732,21,7
732,95,2
732,51,2
732,50,9
732,91,0
732,75,2
732,43,2
732,22,2
733,79,6
733,36,6
733,12,6
733,89,6
733,32,9
733,50,6
733,16,9
733,72,7
733,57,9
734,10,7
734,6,2
734,88,6
734,20,2
734,94,6
734,46,6
734,33,7
734,76,0
734,60,6
734,70,8
735,89,4
735,52,4
735,91,7
735,26,5
735,36,4
735,14,9
735,38,4
735,88,7
735,70,8
736,56,3
736,78,9
736,25,4
736,11,0
736,77,0
736,92,8
736,18,4
736,46,0
736,16,0
737,99,3
737,94,4
737,57,0
737,5,4
737,32,4
737,41,4
737,16,1
737,64,4
737,27,7
738,50,5
738,33,4
738,18,5
738,67,1
738,79,5
738,93,0
738,90,5
738,80,2
738,3,5
738,31,5
739,62,4
739,87,1
739,21,1
739,39,8
739,97,1
739,37,3
739,1,1
739,45,1
739,82,1
739,59,6
740,55,8
740,82,8
740,66,8
740,72,0
740,25,6
740,7,4
740,71,8
740,33,8
740,64,3
740,87,0
741,16,4
741,18,3
741,74,3
741,21,4
741,32,2
741,89,4
741,35,4
741,4,6
741,78,5
741,67,4
742,60,3
742,14,3
742,28,8
742,12,3
742,72,3
742,55,2
742,80,9
742,32,3
742,53,3
742,50,3
743,41,1
743,87,1
743,42,1
743,17,1
743,19,1
743,24,6
743,56,9
743,49,1
743,72,1
743,38,5
744,97,8
744,7,9
744,96,9
744,79,9
744,6,1
744,26,9
744,38,9
744,39,9
744,44,4
744,24,9
745,95,1
745,45,1
745,26,5
745,89,0
745,64,1
745,33,5
745,48,1
745,0,2
745,13,2
746,86,6
746,14,4
746,7,3
746,19,3
746,54,3
746,4,3
746,2,2
746,59,3
746,94,7
747,41,6
747,37,6
747,40,6
747,20,6
747,28,6
747,11,4
747,18,6
747,98,6
748,3,1
748,12,6
748,25,3
748,84,5
748,50,0
748,87,0
748,18,5
748,93,3
748,22,3
748,75,3
749,33,8
749,91,7
749,22,7
749,24,8
749,39,4
749,18,8
749,92,0
749,1,8
749,68,4
749,77,7
750,17,4
750,26,4
750,82,4
750,32,0
750,99,4
750,23,8
750,66,0
750,18,3
750,12,4
750,44,7
751,22,5
751,95,0
751,63,9
751,2,3
751,89,0
751,28,1
751,77,1
751,35,0
751,75,0
752,90,7
752,23,0
752,60,6
752,39,7
752,55,7
752,37,4
752,81,3
752,34,7
752,33,7
752,96,7
753,99,1
753,0,1
753,69,1
753,91,9
753,55,7
753,67,3
753,87,4
753,45,1
753,12,1
753,36,9
754,91,0
754,50,9
754,89,4
754,23,3
754,96,2
754,85,3
754,78,5
754,64,2
754,2,9
755,94,8
755,47,1
755,39,1
755,69,1
755,51,7
755,31,1
755,7,7
755,18,4
755,45,4
756,46,6
756,52,3
756,25,6
756,30,3
756,58,2
756,84,2
756,61,3
756,50,4
756,76,0
756,36,3
757,30,9
757,0,4
757,43,6
757,22,9
757,67,5
757,59,9
757,9,4
757,97,3
757,49,0
757,65,9
758,50,0
758,52,6
758,35,3
758,59,6
758,23,6
758,62,1
758,16,6
758,42,1
758,38,6
758,95,6
759,56,5
759,59,3
759,68,5
759,19,5
759,87,5
759,83,7
759,53,2
759,94,3
759,85,5
759,29,5
760,45,2
760,2,5
760,54,2
760,68,5
760,34,2
760,91,8
760,96,9
760,50,8
760,60,9
760,3,2
761,85,0
761,9,0
761,43,2
761,5,0
761,30,0
761,87,0
761,48,4
761,44,1
761,19,0
761,23,0
762,26,6
762,33,2
762,56,6
762,77,6
762,84,8
762,86,9
762,87,9
762,76,4
762,29,2
763,35,3
763,98,3
763,52,3
763,48,3
763,64,8
763,57,9
763,88,2
763,44,8
763,74,2
764,48,7
764,38,5
764,32,0
764,10,7
764,39,7
764,83,1
764,92,7
764,99,7
764,33,3
764,2,2
765,41,1
765,10,1
765,75,0
765,88,3
765,63,0
765,69,1
765,53,1
765,61,1
765,4,1
765,54,7
766,29,2
766,12,1
766,87,2
766,32,2
766,86,2
766,90,2
766,99,2
766,18,7
766,91,9
767,67,3
767,58,7
767,62,1
767,89,1
767,72,6
767,54,7
767,73,4
767,90,1
767,0,8
767,74,1
768,43,2
768,58,5
768,30,2
768,38,2
768,72,6
768,11,2
768,88,2
768,87,1
768,86,2
768,55,2
769,0,5
769,73,4
769,66,5
769,72,5
769,93,7
769,59,5
769,87,0
769,38,1
769,81,5
769,68,5
770,43,0
770,41,6
770,38,9
770,64,0
770,37,0
770,30,0
770,93,0
770,29,2
770,63,9
771,24,6
771,66,6
771,89,9
771,92,5
771,86,6
771,90,6
771,96,8
771,17,6
771,58,1
772,9,8
772,6,9
772,4,9
772,78,5
772,67,0
772,86,4
772,87,4
772,38,4
772,75,1
772,28,4
773,89,8
773,33,5
773,88,5
773,47,5
773,61,9
773,4,5
773,82,5
773,79,6
773,52,5
773,9,5
774,96,0
774,52,0
774,38,0
774,82,0
774,10,7
774,24,0
774,16,0
774,57,0
774,12,0
775,86,5
775,90,5
775,32,2
775,63,8
775,57,4
775,30,5
775,97,0
775,27,5
775,71,1
775,78,1
776,24,9
776,67,8
776,62,9
776,88,6
776,29,9
776,78,8
776,66,9
776,84,9
776,68,2
777,58,5
777,70,2
777,47,8
777,52,6
777,50,6
777,53,0
777,33,0
777,29,6
777,64,6
777,76,7
778,9,2
778,71,7
778,34,2
778,97,7
778,41,2
778,65,2
778,23,2
778,12,2
778,86,8
778,42,2
779,94,8
779,93,7
779,34,4
779,79,8
779,23,8
779,6,3
779,60,8
779,65,8
779,12,7
780,70,6
780,44,4
780,31,8
780,45,9
780,86,1
780,66,1
780,89,7
780,99,7
780,29,1
781,18,5
781,60,6
781,39,8
781,31,5
781,34,8
781,40,3
781,54,3
781,68,1
781,36,0
781,6,5
782,48,9
782,0,9
782,53,7
782,17,9
782,24,9
782,10,7
782,95,9
782,46,8
782,86,9
782,27,9
783,5,8
783,45,8
783,81,8
783,86,7
783,84,7
783,66,1
783,26,8
783,4,8
783,25,8
783,56,8
784,36,6
784,6,1
784,83,0
784,14,6
784,4,6
784,87,6
784,43,6
784,94,7
784,19,6
785,58,1
785,19,7
785,96,7
785,8,6
785,50,3
785,68,1
785,98,7
785,77,7
785,81,0
785,52,7
786,21,1
786,42,4
786,52,4
786,72,1
786,62,4
786,23,5
786,36,7
786,49,4
786,93,3
786,40,4
787,83,6
787,62,7
787,96,1
787,16,1
787,88,4
787,99,0
787,74,9
787,36,1
787,81,7
787,6,1
788,10,3
788,13,9
788,22,9
788,75,1
788,32,7
788,56,1
788,31,0
788,40,0
788,53,9
788,74,5
789,38,6
789,28,5
789,99,6
789,6,6
789,58,6
789,24,9
789,93,6
789,11,2
789,97,6
789,83,6
790,60,7
790,96,2
790,30,9
790,10,8
790,53,3
790,80,6
790,14,9
790,85,9
790,81,3
791,90,2
791,14,2
791,41,2
791,57,4
791,85,2
791,56,2
791,50,1
791,72,4
791,83,2
791,1,2
792,66,3
792,75,5
792,16,4
792,52,6
792,3,3
792,72,3
792,44,3
792,17,7
792,31,5
792,84,3
793,23,6
793,52,6
793,2,3
793,61,6
793,94,0
793,77,6
793,73,7
793,0,7
793,83,6
794,25,7
794,15,6
794,61,6
794,35,0
794,5,7
794,75,3
794,44,7
794,19,7
794,23,7
795,70,4
795,59,3
795,25,4
795,94,3
795,47,4
795,1,9
795,48,4
795,38,0
795,99,4
796,57,1
796,24,7
796,88,4
796,3,1
796,85,2
796,55,6
796,6,8
796,53,0
796,5,9
796,95,9
797,78,3
797,29,3
797,59,6
797,94,4
797,12,7
797,69,3
797,40,3
797,47,3
797,65,3
797,91,1
798,34,1
798,66,6
798,97,5
798,59,8
798,22,8
798,39,1
798,8,8
798,63,8
798,65,8
798,24,8
799,37,9
799,48,9
799,46,9
799,34,9
799,47,9
799,99,9
799,13,9
799,89,9
799,65,9
799,20,6
800,71,8
800,94,0
800,98,6
800,72,3
800,48,6
800,9,7
800,60,4
800,22,3
800,1,7
801,95,4
801,49,4
801,90,3
801,78,4
801,92,9
801,88,3
801,89,1
801,68,7
801,71,5
801,11,4
802,75,3
802,84,0
802,31,3
802,6,8
802,24,1
802,81,7
802,9,3
802,76,1
802,25,1
802,78,8
803,70,3
803,56,2
803,95,5
803,44,4
803,93,6
803,71,0
803,78,9
803,28,5
803,41,3
804,53,6
804,26,2
804,7,6
804,76,6
804,95,6
804,61,6
804,48,6
804,85,6
804,37,2
804,44,1
805,23,9
805,71,3
805,47,4
805,85,0
805,10,0
805,22,0
805,24,3
805,12,3
805,40,6
805,32,5
806,14,7
806,76,7
806,34,7
806,64,7
806,28,7
806,50,6
806,97,7
806,6,4
806,10,6
806,94,7
807,20,9
807,27,3
807,25,0
807,93,9
807,54,8
807,14,9
807,67,9
807,52,9
807,28,2
807,83,9
808,16,7
808,69,7
808,78,4
808,7,5
808,66,6
808,56,6
808,54,6
808,83,3
808,28,6
809,24,0
809,99,4
809,21,4
809,44,4
809,17,4
809,73,1
809,47,4
809,91,5
809,27,9
810,5,5
810,42,1
810,52,5
810,6,5
810,15,5
810,45,5
810,21,3
810,62,5
810,9,3
810,14,5
811,52,5
811,51,5
811,10,5
811,34,5
811,95,5
811,0,5
811,69,5
811,67,5
811,30,5
811,44,6
812,84,4
812,54,5
812,13,3
812,36,9
812,76,8
812,67,5
812,83,9
812,82,5
812,77,5
812,49,5
813,77,8
813,88,3
813,51,4
813,35,8
813,91,2
813,34,8
813,11,9
813,97,8
813,17,9
813,54,8
814,86,7
814,50,2
814,56,1
814,20,4
814,54,8
814,77,1
814,98,9
814,99,1
814,17,3
814,31,5
815,55,9
815,40,9
815,75,9
815,12,9
815,25,9
815,11,9
815,60,9
815,86,8
815,97,1
815,95,9
816,92,6
816,94,1
816,4,7
816,25,6
816,67,6
816,5,6
816,28,0
816,62,2
816,1,6
816,90,4
817,10,2
817,46,2
817,17,2
817,61,0
817,31,5
817,92,2
817,94,8
817,21,2
817,45,2
818,51,8
818,57,0
818,69,8
818,7,2
818,9,8
818,65,6
818,46,3
818,84,5
818,21,8
818,59,8
819,78,0
819,92,1
819,62,1
819,53,1
819,47,0
819,0,8
819,82,0
819,10,0
819,45,4
820,75,1
820,20,1
820,56,1
820,37,1
820,26,2
820,95,1
820,64,1
820,17,5
820,62,6
821,82,4
821,91,4
821,16,4
821,64,0
821,85,4
821,60,4
821,72,9
821,74,3
821,36,0
821,14,4
822,64,4
822,44,8
822,89,6
822,35,2
822,85,1
822,4,8
822,77,1
822,59,8
822,69,2
822,8,3
823,81,5
823,86,5
823,79,8
823,50,7
823,7,0
823,41,0
823,52,0
823,33,9
823,63,0
823,46,8
824,65,7
824,42,3
824,33,7
824,20,0
824,99,7
824,97,1
824,8,7
824,55,7
824,34,7
824,90,7
825,0,4
825,86,4
825,14,1
825,74,4
825,90,6
825,70,4
825,29,4
825,47,1
825,72,4
825,40,4
826,63,0
826,57,2
826,70,2
826,47,4
826,67,2
826,11,9
826,43,1
826,18,5
826,71,1
826,92,3
827,10,4
827,53,4
827,68,4
827,88,1
827,62,4
827,32,4
827,0,4
827,30,4
827,1,4
827,55,2
828,81,0
828,23,0
828,83,6
828,33,7
828,3,0
828,96,0
828,17,8
828,2,7
828,34,0
828,92,2
829,35,2
829,40,6
829,95,9
829,73,2
829,43,3
829,34,3
829,45,3
829,63,4
829,66,4
829,14,3
830,42,9
830,74,7
830,63,8
830,1,9
830,92,9
830,7,7
830,29,9
830,75,9
830,72,3
830,21,9
831,17,4
831,46,0
831,2,4
831,61,4
831,68,1
831,44,5
831,93,4
831,77,6
831,37,2
831,64,7
832,3,8
832,48,4
832,39,8
832,83,4
832,76,6
832,10,6
832,59,6
832,86,5
832,21,6
832,4,6
833,47,4
833,84,2
833,76,0
833,12,9
833,63,0
833,34,0
833,62,9
833,4,0
833,28,0
833,2,0
834,62,8
834,93,8
834,6,8
834,64,8
834,90,8
834,54,0
834,18,8
834,79,8
835,66,2
835,48,4
835,58,9
835,35,0
835,75,3
835,53,4
835,29,4
835,91,4
836,77,8
836,89,7
836,33,3
836,38,7
836,7,3
836,27,7
836,2,9
836,3,2
836,93,7
836,98,7
837,69,0
837,64,2
837,63,0
837,33,0
837,12,0
837,98,0
837,47,9
837,10,3
837,88,0
838,44,0
838,12,1
838,66,5
838,83,3
838,93,7
838,68,5
838,41,5
838,8,7
838,35,0
839,66,8
839,33,8
839,97,8
839,17,8
839,70,8
839,16,4
839,82,8
839,93,0
839,68,8
839,69,8
840,62,9
840,94,1
840,36,6
840,27,1
840,9,2
840,30,9
840,5,9
840,69,3
840,63,9
840,28,1
841,2,7
841,93,4
841,67,4
841,44,7
841,31,1
841,41,4
841,79,4
841,42,4
841,6,0
842,33,0
842,75,0
842,63,7
842,77,8
842,71,1
842,6,0
842,57,4
842,96,8
842,78,3
842,4,0
843,33,0
843,26,0
843,3,0
843,61,8
843,35,0
843,97,0
843,19,0
843,73,0
843,47,3
843,55,0
844,81,3
844,37,5
844,65,3
844,25,1
844,12,3
844,92,3
844,74,0
844,41,3
844,84,3
845,33,1
845,54,3
845,63,3
845,90,3
845,79,6
845,23,3
845,87,6
845,42,3
845,89,4
845,2,8
846,36,0
846,37,0
846,42,0
846,13,9
846,65,0
846,57,1
846,98,0
846,17,0
847,69,9
847,32,9
847,60,8
847,9,9
847,51,3
847,4,7
847,56,0
847,58,9
847,71,6
847,76,5
848,67,8
848,43,8
848,44,5
848,41,8
848,69,8
848,64,8
848,82,4
848,46,8
848,95,8
849,73,3
849,71,4
849,56,4
849,53,5
849,5,4
849,74,6
849,13,3
849,19,4
849,23,7
849,75,4
850,32,4
850,78,5
850,31,8
850,94,8
850,79,8
850,88,8
850,12,8
850,18,6
850,56,8
851,96,7
851,43,8
851,8,8
851,79,4
851,68,8
851,37,0
851,86,8
851,6,0
851,57,8
851,93,5
852,0,6
852,29,6
852,86,8
852,45,6
852,7,6
852,60,9
852,51,4
852,39,0
852,40,9
852,16,2
853,67,7
853,63,3
853,39,9
853,15,8
853,68,8
853,48,9
853,42,9
853,4,6
853,56,4
853,40,8
854,86,0
854,92,3
854,77,6
854,97,3
854,99,3
854,90,3
854,67,7
854,37,9
854,23,3
854,95,3
855,47,8
855,22,6
855,28,2
855,67,9
855,24,8
855,97,4
855,59,0
855,56,8
855,88,8
855,29,8
856,31,0
856,68,2
856,84,5
856,54,3
856,36,3
856,75,0
856,60,7
856,65,5
856,97,9
856,98,8
857,22,1
857,5,1
857,45,1
857,21,9
857,2,8
857,98,1
857,43,1
857,88,1
857,58,1
858,91,4
858,79,5
858,8,2
858,49,8
858,99,8
858,41,3
858,62,6
858,33,8
858,38,8
859,73,2
859,46,8
859,6,7
859,55,2
859,16,8
859,27,8
859,84,5
859,26,8
859,99,5
860,25,3
860,77,0
860,71,3
860,51,6
860,98,5
860,34,3
860,42,7
860,35,3
860,3,3
860,50,9
861,73,0
861,33,9
861,87,9
861,99,4
861,34,9
861,79,5
861,5,9
861,26,9
861,23,0
862,49,8
862,11,1
862,66,8
862,43,8
862,36,8
862,71,5
862,18,4
862,63,7
862,31,9
862,13,8
863,42,7
863,23,9
863,8,4
863,99,3
863,64,7
863,15,8
863,7,0
863,69,3
863,67,0
863,76,2
864,46,1
864,49,9
864,98,9
864,57,4
864,19,9
864,79,9
864,30,9
864,48,9
864,75,1
864,0,9
865,76,9
865,83,0
865,85,9
865,95,9
865,40,9
865,81,9
865,30,9
865,24,9
865,72,9
865,93,1
866,29,6
866,49,6
866,67,1
866,61,0
866,15,6
866,85,3
866,8,6
866,84,6
866,22,8
866,48,6
867,60,4
867,4,7
867,72,3
867,76,7
867,58,7
867,61,5
867,33,7
867,10,7
867,23,7
867,85,7
868,80,0
868,46,2
868,13,9
868,71,1
868,88,0
868,18,6
868,5,7
868,69,5
868,99,5
868,61,9
869,25,6
869,7,7
869,2,2
869,61,6
869,18,3
869,35,8
869,16,1
869,98,6
870,51,4
870,44,8
870,77,1
870,95,8
870,72,7
870,63,9
870,20,8
870,32,0
870,75,8
870,54,8
871,47,2
871,2,2
871,42,5
871,64,2
871,14,2
871,6,1
871,39,2
871,69,2
871,65,1
872,44,1
872,82,5
872,69,5
872,41,9
872,47,5
872,67,3
872,16,7
872,18,6
872,86,0
872,49,5
873,98,3
873,82,3
873,74,6
873,22,9
873,16,3
873,68,3
873,9,3
873,49,3
873,99,4
874,91,2
874,99,6
874,48,6
874,40,3
874,17,2
874,52,6
874,92,6
874,26,6
874,42,6
874,28,6
875,69,1
875,36,9
875,26,6
875,33,1
875,95,1
875,60,1
875,14,1
875,89,1
875,45,1
875,87,6
876,47,3
876,36,8
876,15,1
876,57,2
876,25,3
876,64,4
876,20,3
876,81,4
876,78,3
876,83,3
877,23,3
877,69,4
877,90,5
877,49,3
877,78,3
877,11,3
877,27,3
877,56,6
877,46,3
877,60,1
878,58,7
878,51,9
878,41,7
878,15,7
878,55,3
878,11,1
878,64,4
878,26,5
878,74,4
878,18,4
879,83,3
879,69,7
879,34,7
879,46,1
879,63,4
879,14,7
879,27,7
879,93,6
879,49,7
879,64,4
880,56,2
880,35,2
880,3,7
880,29,0
880,24,2
880,77,2
880,47,2
880,22,5
880,51,2
880,6,2
881,45,4
881,70,2
881,11,4
881,94,7
881,86,5
881,36,4
881,78,5
881,59,4
881,26,4
881,50,7
882,45,4
882,80,5
882,25,4
882,84,0
882,76,2
882,18,5
882,28,7
882,12,2
882,34,0
883,15,8
883,66,2
883,39,9
883,65,4
883,74,6
883,5,2
883,6,6
883,50,9
883,69,2
883,12,8
884,59,3
884,98,5
884,99,5
884,94,5
884,71,2
884,5,5
884,6,5
884,37,1
884,10,5
885,57,9
885,38,2
885,5,4
885,18,2
885,27,0
885,11,4
885,12,2
885,25,4
885,8,4
886,44,1
886,27,1
886,21,1
886,38,1
886,52,1
886,61,1
886,42,1
886,28,1
886,98,1
887,97,1
887,72,1
887,2,7
887,44,3
887,52,0
887,80,1
887,95,1
887,19,1
887,53,0
887,56,8
888,6,6
888,33,4
888,71,6
888,45,8
888,90,1
888,86,0
888,66,6
888,87,4
888,85,9
888,69,6
889,70,9
889,8,9
889,52,9
889,98,9
889,58,9
889,54,8
889,53,0
889,42,5
889,4,9
889,51,9
890,95,3
890,70,2
890,9,1
890,39,3
890,52,9
890,42,3
890,40,4
890,85,6
890,24,3
890,25,2
891,54,9
891,46,1
891,7,1
891,26,1
891,65,1
891,8,1
891,10,1
891,63,7
891,88,1
891,56,2
892,84,3
892,52,3
892,11,8
892,76,3
892,45,3
892,40,3
892,39,3
892,70,7
892,14,3
892,47,3
893,0,4
893,78,1
893,36,3
893,73,4
893,54,8
893,59,7
893,34,4
893,40,0
893,58,7
893,32,2
894,54,1
894,83,1
894,1,1
894,71,7
894,90,2
894,45,1
894,18,5
894,82,1
894,22,1
895,97,3
895,82,4
895,29,9
895,79,7
895,67,0
895,6,1
895,22,0
895,23,6
895,41,5
895,36,7
896,13,4
896,46,9
896,24,3
896,82,4
896,57,4
896,44,1
896,93,2
896,49,4
896,95,4
896,56,3
897,85,4
897,86,2
897,17,8
897,90,8
897,99,8
897,63,2
897,97,8
897,22,4
897,36,3
898,14,7
898,44,7
898,54,0
898,74,5
898,28,9
898,82,7
898,17,7
898,16,9
898,41,7
898,37,6
899,81,1
899,39,2
899,10,0
899,28,9
899,5,0
899,95,0
899,66,6
899,67,9
899,69,0
899,61,0
900,11,2
900,30,4
900,50,5
900,44,6
900,43,8
900,40,8
900,90,2
900,46,6
900,35,2
901,63,9
901,32,3
901,61,3
901,30,3
901,60,3
901,69,3
901,15,3
901,95,3
901,62,3
901,0,1
902,38,3
902,33,4
902,54,1
902,19,0
902,20,0
902,25,3
902,6,1
902,12,0
902,22,0
903,87,8
903,58,1
903,51,2
903,18,2
903,86,2
903,52,5
903,94,4
903,74,7
903,77,2
904,95,2
904,69,2
904,94,2
904,50,3
904,0,6
904,57,2
904,68,3
904,16,2
904,92,2
905,72,9
905,17,9
905,28,7
905,36,4
905,97,9
905,84,9
905,46,2
905,94,9
905,68,9
906,91,8
906,29,2
906,3,4
906,82,2
906,98,2
906,79,3
906,30,2
906,51,2
906,49,2
906,61,6
907,18,9
907,0,7
907,29,7
907,36,2
907,33,7
907,8,7
907,20,6
907,7,7
907,66,6
907,12,7
908,91,0
908,74,7
908,7,8
908,30,5
908,79,3
908,90,5
908,83,5
908,59,5
908,10,9
908,22,5
909,71,3
909,3,2
909,43,6
909,15,1
909,13,7
909,83,1
909,21,6
909,11,3
909,87,1
909,90,7
910,97,4
910,18,9
910,17,2
910,40,9
910,39,3
910,20,9
910,10,5
910,65,9
910,19,9
911,2,3
911,61,3
911,4,2
911,22,3
911,60,2
911,86,3
911,84,3
911,18,7
911,3,3
912,13,6
912,28,1
912,21,9
912,93,2
912,96,1
912,74,7
912,87,1
912,37,1
912,12,1
913,44,3
913,15,1
913,14,1
913,22,1
913,43,6
913,90,9
913,46,1
913,12,3
913,28,7
914,2,1
914,46,9
914,43,9
914,11,1
914,81,1
914,52,1
914,34,1
914,55,6
914,67,1
915,51,8
915,10,4
915,22,8
915,20,4
915,17,4
915,86,1
915,50,7
915,37,6
915,74,8
915,64,9
916,40,2
916,99,6
916,2,6
916,10,9
916,56,6
916,97,4
916,90,5
916,66,9
916,8,6
917,75,8
917,7,2
917,65,0
917,42,0
917,86,0
917,89,9
917,0,0
917,36,5
917,67,0
917,96,0
918,48,9
918,13,0
918,50,0
918,64,6
918,41,8
918,92,0
918,76,0
918,45,0
918,34,8
919,72,9
919,51,2
919,5,4
919,63,2
919,19,5
919,1,5
919,29,1
919,45,5
919,69,5
919,15,1
920,68,7
920,16,7
920,87,6
920,79,1
920,88,7
920,38,5
920,74,5
920,50,8
920,75,7
920,55,7
921,69,0
921,12,9
921,78,9
921,45,0
921,44,0
921,99,0
921,19,0
921,31,0
921,22,0
921,53,9
922,68,5
922,82,5
922,13,3
922,34,5
922,8,2
922,81,5
922,71,5
922,28,0
922,89,6
922,90,1
923,8,4
923,49,4
923,35,8
923,58,9
923,37,4
923,13,8
923,95,4
923,2,6
923,69,4
923,96,3
924,17,3
924,39,5
924,83,3
924,4,8
924,97,2
924,40,5
924,53,3
924,34,3
924,87,8
925,77,7
925,61,0
925,18,0
925,38,4
925,82,1
925,43,1
925,27,1
925,4,1
925,13,1
925,69,1
926,57,2
926,0,3
926,67,5
926,72,1
926,50,8
926,3,2
926,1,8
926,75,9
926,26,2
926,54,4
927,73,2
927,19,1
927,14,1
927,79,3
927,75,1
927,57,6
927,94,1
927,31,1
927,63,9
927,65,1
928,82,1
928,78,5
928,1,1
928,62,6
928,96,8
928,63,3
928,67,6
928,85,0
928,14,1
928,81,8
929,7,8
929,24,5
929,14,7
929,17,7
929,76,5
929,47,4
929,16,7
929,21,4
929,9,2
930,8,3
930,69,3
930,73,3
930,26,3
930,15,3
930,6,2
930,52,3
930,36,2
930,10,3
930,85,3
931,76,7
931,90,9
931,91,3
931,55,7
931,26,3
931,64,9
931,88,9
931,84,9
931,22,9
931,59,5
932,31,4
932,97,9
932,41,9
932,83,6
932,87,9
932,46,0
932,1,9
932,39,6
932,29,7
932,26,9
933,26,3
933,81,3
933,71,1
933,87,8
933,54,1
933,10,1
933,69,1
933,52,1
933,48,7
933,80,7
934,5,4
934,18,4
934,67,4
934,71,8
934,38,8
934,43,2
934,89,4
934,11,2
934,40,4
934,15,4
935,68,0
935,75,8
935,10,9
935,82,8
935,29,8
935,37,8
935,80,4
935,0,2
935,24,8
935,12,8
936,63,4
936,5,8
936,73,9
936,56,8
936,1,6
936,51,4
936,80,9
936,28,8
936,71,6
936,68,5
937,38,9
937,78,4
937,80,4
937,41,4
937,22,6
937,68,5
937,99,4
937,6,4
937,11,1
937,94,7
938,67,7
938,16,9
938,40,3
938,78,4
938,15,0
938,28,5
938,85,2
938,92,3
938,91,3
938,30,3
939,70,5
939,34,5
939,63,5
939,79,5
939,82,5
939,68,0
939,1,5
939,62,8
939,2,6
939,6,0
940,67,5
940,78,0
940,31,0
940,11,2
940,90,0
940,62,8
940,53,0
940,12,0
940,92,3
940,96,7
941,55,6
941,26,6
941,97,7
941,6,2
941,51,6
941,80,2
941,88,6
941,99,7
941,63,6
942,7,3
942,86,0
942,33,4
942,3,2
942,12,6
942,25,6
942,30,7
942,73,6
942,92,6
943,71,3
943,98,3
943,19,3
943,16,4
943,76,3
943,11,0
943,73,3
943,14,3
943,7,7
944,49,6
944,58,9
944,67,9
944,46,0
944,21,8
944,79,6
944,27,9
944,23,2
944,74,3
944,61,9
945,11,4
945,32,9
945,34,9
945,76,8
945,39,1
945,6,9
945,49,9
945,89,9
945,15,8
945,17,9
946,88,1
946,49,5
946,68,5
946,99,5
946,98,5
946,43,5
946,42,3
946,77,8
946,33,5
946,2,4
947,1,4
947,15,4
947,91,2
947,35,1
947,31,7
947,3,1
947,7,4
947,44,4
947,81,3
948,59,0
948,43,8
948,38,0
948,19,8
948,72,7
948,53,7
948,84,8
948,12,8
948,32,6
948,33,2
949,89,1
949,76,5
949,88,6
949,79,5
949,81,5
949,25,7
949,73,6
949,32,8
950,76,2
950,18,5
950,38,8
950,1,5
950,33,5
950,9,4
950,37,5
950,79,5
951,36,2
951,87,6
951,11,1
951,63,1
951,88,1
951,95,1
951,32,1
951,16,5
951,64,1
951,65,1
952,81,6
952,58,2
952,41,6
952,17,2
952,27,5
952,52,2
952,56,8
952,49,2
952,36,1
952,24,2
953,23,4
953,13,4
953,34,9
953,59,0
953,35,5
953,73,2
953,32,9
953,14,1
953,50,5
954,36,3
954,75,8
954,69,3
954,93,3
954,28,3
954,24,6
954,52,3
954,96,0
954,61,3
954,60,2
955,42,8
955,25,7
955,73,8
955,89,8
955,67,8
955,38,5
955,54,8
955,39,8
955,62,8
955,74,6
956,95,5
956,8,5
956,72,3
956,58,9
956,12,5
956,43,5
956,45,5
956,20,5
956,36,3
956,23,9
957,1,7
957,97,9
957,95,7
957,64,0
957,23,7
957,16,7
957,58,9
957,41,3
957,24,7
957,52,7
958,10,7
958,8,8
958,82,3
958,19,3
958,14,3
958,88,3
958,95,3
958,29,3
958,83,4
958,24,3
959,49,1
959,89,1
959,12,8
959,33,1
959,25,2
959,62,1
959,60,6
959,38,6
959,75,1
959,80,9
960,44,3
960,73,0
960,58,1
960,8,4
960,37,1
960,5,1
960,46,1
960,88,9
960,36,0
960,91,1
961,94,0
961,82,9
961,11,9
961,3,0
961,37,1
961,50,0
961,59,6
961,48,0
961,10,0
961,88,0
962,98,0
962,88,1
962,1,0
962,69,0
962,2,0
962,76,0
962,74,9
962,16,9
963,66,3
963,44,4
963,83,3
963,86,1
963,15,7
963,49,8
963,6,2
963,21,8
963,74,6
963,50,0
964,63,7
964,52,0
964,72,2
964,66,5
964,47,1
964,31,2
964,0,0
964,3,0
965,7,7
965,89,9
965,56,9
965,71,7
965,42,9
965,1,9
965,9,9
965,17,8
965,94,9
965,35,9
966,60,2
966,53,5
966,94,8
966,89,6
966,9,5
966,31,5
966,91,5
966,42,3
966,78,5
966,85,5
967,26,0
967,42,2
967,52,0
967,50,7
967,36,2
967,88,0
967,23,0
967,85,4
967,6,0
968,35,4
968,21,4
968,29,4
968,73,0
968,87,0
968,33,3
968,13,7
968,8,2
968,65,4
969,3,8
969,61,8
969,72,8
969,56,6
969,53,3
969,26,8
969,35,3
969,99,8
969,98,8
970,24,9
970,52,9
970,61,9
970,94,9
970,33,9
970,69,9
970,38,3
970,7,9
970,95,9
971,34,3
971,4,3
971,54,9
971,10,9
971,72,9
971,89,3
971,1,0
971,39,8
971,83,3
971,37,3
972,52,6
972,71,6
972,2,8
972,14,0
972,19,8
972,48,0
972,94,4
972,49,1
972,42,0
973,59,0
973,99,2
973,85,2
973,44,7
973,51,2
973,35,3
973,31,2
973,66,9
973,55,9
973,29,9
974,92,9
974,49,9
974,71,7
974,56,1
974,1,2
974,97,7
974,8,7
974,24,9
974,34,9
974,11,7
975,32,1
975,71,5
975,20,5
975,51,5
975,17,4
975,68,2
975,23,5
975,85,3
975,86,5
976,33,3
976,61,9
976,73,4
976,49,9
976,8,9
976,71,9
976,90,4
976,64,0
976,83,3
976,35,9
977,58,5
977,29,4
977,38,1
977,97,5
977,21,4
977,22,6
977,74,7
977,18,4
977,39,7
977,47,1
978,35,3
978,67,1
978,59,3
978,51,2
978,37,7
978,79,3
978,98,9
978,9,3
978,61,4
978,70,5
979,61,8
979,65,6
979,73,6
979,38,6
979,94,2
979,33,6
979,10,6
979,54,5
979,80,0
979,27,4
980,25,1
980,99,2
980,58,7
980,46,2
980,69,2
980,26,6
980,72,2
980,70,2
980,82,2
980,24,2
981,43,5
981,49,4
981,17,4
981,47,8
981,27,4
981,11,3
981,86,1
981,93,0
981,48,6
982,77,3
982,1,3
982,83,0
982,46,1
982,19,9
982,4,3
982,42,3
982,53,3
982,86,4
982,81,3
983,24,0
983,58,1
983,5,0
983,96,9
983,9,1
983,57,4
983,7,9
983,62,0
983,71,8
983,88,0
984,49,0
984,9,0
984,50,5
984,65,0
984,7,0
984,18,0
984,33,0
984,62,0
984,60,0
984,99,0
985,82,4
985,22,4
985,49,1
985,4,6
985,93,9
985,57,4
985,3,2
985,10,6
985,34,4
985,70,4
986,49,3
986,45,4
986,56,8
986,63,3
986,89,9
986,38,3
986,8,6
986,99,3
986,39,9
987,14,8
987,36,8
987,82,8
987,15,3
987,10,6
987,68,8
987,57,8
987,3,8
987,21,8
987,85,8
988,69,3
988,14,3
988,45,3
988,30,3
988,24,3
988,89,5
988,2,3
988,99,3
988,49,3
988,90,5
989,44,8
989,72,2
989,8,9
989,65,6
989,46,9
989,33,7
989,11,3
989,9,9
989,26,5
989,83,1
990,75,9
990,68,9
990,99,9
990,62,9
990,60,6
990,53,9
990,10,9
990,26,3
990,29,9
990,69,9
991,49,5
991,0,5
991,12,6
991,29,5
991,69,2
991,68,5
991,82,5
991,16,5
991,83,5
991,10,5
992,79,3
992,18,3
992,45,4
992,17,8
992,14,4
992,24,4
992,13,4
992,80,4
992,22,4
992,57,3
993,91,0
993,25,4
993,96,5
993,95,9
993,65,9
993,39,1
993,37,3
993,68,9
994,23,7
994,30,3
994,70,3
994,91,4
994,83,3
994,74,3
994,33,3
994,63,1
994,89,3
994,64,2
995,99,8
995,74,5
995,32,8
995,89,8
995,44,8
995,63,4
995,20,8
995,18,8
995,51,3
995,69,8
996,85,0
996,21,2
996,49,3
996,81,8
996,8,7
996,12,3
996,89,4
996,75,3
996,93,3
997,10,4
997,85,6
997,46,8
997,79,2
997,52,0
997,48,8
997,70,0
997,50,1
997,5,0
998,91,9
998,57,4
998,99,4
998,84,4
998,98,4
998,94,1
998,4,4
998,37,6
998,54,4
998,79,4
999,24,9
999,6,8
999,96,9
999,64,2
999,23,2
999,95,9
999,58,1
999,27,9
999,79,4
