beta_1,beta_2,beta_3,init_quality,accuracy
0.25,0,0.75,0.95,0.83
0.3,0,0.7,0.85,0.828571429
0.3,0,0.7,0.95,0.828571429
0.25,0,0.75,0.9,0.828571429
0.2,0,0.8,0.95,0.828571429
0.35,0,0.65,0.9,0.827142857
0.3,0,0.7,0.8,0.827142857
0.3,0,0.7,0.9,0.827142857
0.25,0,0.75,0.85,0.827142857
0.25,0.05,0.7,0.95,0.827142857
0.35,0,0.65,0.8,0.825714286
0.35,0,0.65,0.85,0.825714286
0.3,0.05,0.65,0.9,0.825714286
0.3,0.05,0.65,0.95,0.825714286
0.2,0,0.8,0.9,0.825714286
0.25,0,0.75,0.8,0.824285714
0.25,0.05,0.7,0.9,0.824285714
0.2,0,0.8,0.85,0.824285714
0.15,0,0.85,0.95,0.824285714
0.05,0.5,0.45,0.5,0.824285714
0.05,0.5,0.45,0.55,0.824285714
0,0.55,0.45,0.5,0.824285714
0,0.55,0.45,0.55,0.824285714
0,0.55,0.45,0.6,0.824285714
0,0.55,0.45,0.65,0.824285714
0,0.55,0.45,0.7,0.824285714
0,0.55,0.45,0.75,0.824285714
0,0.55,0.45,0.8,0.824285714
0,0.55,0.45,0.85,0.824285714
0,0.55,0.45,0.9,0.824285714
0,0.55,0.45,0.95,0.824285714
0.4,0,0.6,0.85,0.822857143
0.35,0.05,0.6,0.95,0.822857143
0.05,0.5,0.45,0.6,0.822857143
0.05,0.5,0.45,0.65,0.822857143
0.05,0.5,0.45,0.7,0.822857143
0.05,0.5,0.45,0.75,0.822857143
0.05,0.5,0.45,0.8,0.822857143
0.05,0.5,0.45,0.85,0.822857143
0.05,0.5,0.45,0.9,0.822857143
0.05,0.5,0.45,0.95,0.822857143
0.35,0,0.65,0.95,0.821428571
0.35,0.05,0.6,0.9,0.821428571
0.3,0,0.7,0.75,0.821428571
0.1,0.5,0.4,0.5,0.821428571
0.1,0.5,0.4,0.55,0.821428571
0.45,0,0.55,0.8,0.82
0.4,0,0.6,0.8,0.82
0.4,0,0.6,0.95,0.82
0.4,0.05,0.55,0.9,0.82
0.35,0,0.65,0.75,0.82
0.3,0.05,0.65,0.85,0.82
0.2,0.05,0.75,0.95,0.82
0.1,0.5,0.4,0.6,0.82
0.1,0.5,0.4,0.65,0.82
0.1,0.5,0.4,0.7,0.82
0.1,0.5,0.4,0.75,0.82
0.1,0.5,0.4,0.8,0.82
0.1,0.5,0.4,0.85,0.82
0.1,0.5,0.4,0.9,0.82
0.1,0.5,0.4,0.95,0.82
0.4,0,0.6,0.9,0.818571429
0.35,0,0.65,0.7,0.818571429
0.3,0.05,0.65,0.8,0.818571429
0.25,0,0.75,0.75,0.818571429
0.25,0.05,0.7,0.85,0.818571429
0.25,0.1,0.65,0.95,0.818571429
0.2,0,0.8,0.8,0.818571429
0.15,0,0.85,0.9,0.818571429
0.1,0.45,0.45,0.85,0.818571429
0.1,0.45,0.45,0.95,0.818571429
0.45,0,0.55,0.85,0.817142857
0.4,0,0.6,0.65,0.817142857
0.4,0,0.6,0.7,0.817142857
0.35,0,0.65,0.65,0.817142857
0.35,0.05,0.6,0.7,0.817142857
0.35,0.05,0.6,0.75,0.817142857
0.3,0,0.7,0.7,0.817142857
0.3,0.05,0.65,0.75,0.817142857
0.3,0.1,0.6,0.85,0.817142857
0.25,0.1,0.65,0.9,0.817142857
0.2,0.05,0.75,0.9,0.817142857
0.15,0,0.85,0.85,0.817142857
0.15,0.45,0.4,0.5,0.817142857
0.15,0.45,0.4,0.55,0.817142857
0.15,0.45,0.4,0.6,0.817142857
0.15,0.45,0.4,0.65,0.817142857
0.15,0.45,0.4,0.7,0.817142857
0.1,0.45,0.45,0.9,0.817142857
0.05,0.6,0.35,0.65,0.817142857
0.05,0.6,0.35,0.7,0.817142857
0.05,0.6,0.35,0.75,0.817142857
0.05,0.6,0.35,0.8,0.817142857
0.05,0.6,0.35,0.85,0.817142857
0.05,0.6,0.35,0.9,0.817142857
0.05,0.6,0.35,0.95,0.817142857
0,0.6,0.4,0.5,0.817142857
0,0.6,0.4,0.55,0.817142857
0,0.6,0.4,0.6,0.817142857
0,0.6,0.4,0.65,0.817142857
0,0.6,0.4,0.7,0.817142857
0,0.6,0.4,0.75,0.817142857
0,0.6,0.4,0.8,0.817142857
0,0.6,0.4,0.85,0.817142857
0,0.6,0.4,0.9,0.817142857
0,0.6,0.4,0.95,0.817142857
0.4,0,0.6,0.6,0.815714286
0.4,0,0.6,0.75,0.815714286
0.4,0.05,0.55,0.95,0.815714286
0.35,0.05,0.6,0.65,0.815714286
0.35,0.05,0.6,0.8,0.815714286
0.35,0.05,0.6,0.85,0.815714286
0.3,0,0.7,0.65,0.815714286
0.3,0.1,0.6,0.75,0.815714286
0.3,0.1,0.6,0.8,0.815714286
0.3,0.1,0.6,0.9,0.815714286
0.3,0.1,0.6,0.95,0.815714286
0.25,0.05,0.7,0.8,0.815714286
0.25,0.1,0.65,0.85,0.815714286
0.25,0.15,0.6,0.85,0.815714286
0.25,0.15,0.6,0.9,0.815714286
0.25,0.15,0.6,0.95,0.815714286
0.2,0.1,0.7,0.95,0.815714286
0.2,0.45,0.35,0.5,0.815714286
0.15,0,0.85,0.8,0.815714286
0.15,0.45,0.4,0.75,0.815714286
0.15,0.45,0.4,0.8,0.815714286
0.15,0.45,0.4,0.85,0.815714286
0.1,0.45,0.45,0.8,0.815714286
0.1,0.55,0.35,0.5,0.815714286
0.1,0.55,0.35,0.55,0.815714286
0.05,0.55,0.4,0.5,0.815714286
0.05,0.55,0.4,0.55,0.815714286
0.05,0.55,0.4,0.6,0.815714286
0.05,0.55,0.4,0.65,0.815714286
0.05,0.55,0.4,0.7,0.815714286
0.05,0.55,0.4,0.75,0.815714286
0.05,0.55,0.4,0.8,0.815714286
0.05,0.55,0.4,0.85,0.815714286
0.05,0.55,0.4,0.9,0.815714286
0.05,0.6,0.35,0.5,0.815714286
0.05,0.6,0.35,0.55,0.815714286
0.05,0.6,0.35,0.6,0.815714286
0,0.65,0.35,0.5,0.815714286
0,0.65,0.35,0.55,0.815714286
0,0.65,0.35,0.6,0.815714286
0,0.65,0.35,0.65,0.815714286
0,0.65,0.35,0.7,0.815714286
0,0.65,0.35,0.75,0.815714286
0,0.65,0.35,0.8,0.815714286
0,0.65,0.35,0.85,0.815714286
0,0.65,0.35,0.9,0.815714286
0,0.65,0.35,0.95,0.815714286
0.45,0,0.55,0.6,0.814285714
0.45,0,0.55,0.9,0.814285714
0.4,0,0.6,0.55,0.814285714
0.4,0.05,0.55,0.55,0.814285714
0.4,0.05,0.55,0.65,0.814285714
0.35,0,0.65,0.6,0.814285714
0.35,0.1,0.55,0.65,0.814285714
0.3,0,0.7,0.6,0.814285714
0.3,0.05,0.65,0.7,0.814285714
0.3,0.1,0.6,0.7,0.814285714
0.25,0,0.75,0.65,0.814285714
0.25,0,0.75,0.7,0.814285714
0.25,0.05,0.7,0.7,0.814285714
0.25,0.1,0.65,0.8,0.814285714
0.25,0.2,0.55,0.9,0.814285714
0.2,0,0.8,0.7,0.814285714
0.2,0,0.8,0.75,0.814285714
0.2,0.05,0.75,0.8,0.814285714
0.2,0.05,0.75,0.85,0.814285714
0.2,0.1,0.7,0.85,0.814285714
0.2,0.2,0.6,0.95,0.814285714
0.15,0.05,0.8,0.85,0.814285714
0.15,0.05,0.8,0.9,0.814285714
0.15,0.05,0.8,0.95,0.814285714
0.15,0.45,0.4,0.9,0.814285714
0.15,0.45,0.4,0.95,0.814285714
0.1,0,0.9,0.9,0.814285714
0.1,0,0.9,0.95,0.814285714
0.1,0.45,0.45,0.75,0.814285714
0.1,0.55,0.35,0.6,0.814285714
0.1,0.55,0.35,0.65,0.814285714
0.1,0.55,0.35,0.7,0.814285714
0.1,0.55,0.35,0.75,0.814285714
0.1,0.55,0.35,0.8,0.814285714
0.1,0.55,0.35,0.85,0.814285714
0.05,0.55,0.4,0.95,0.814285714
0,0.5,0.5,0.5,0.814285714
0,0.5,0.5,0.55,0.814285714
0,0.5,0.5,0.6,0.814285714
0,0.5,0.5,0.65,0.814285714
0,0.5,0.5,0.7,0.814285714
0,0.5,0.5,0.75,0.814285714
0,0.5,0.5,0.8,0.814285714
0,0.5,0.5,0.85,0.814285714
0,0.5,0.5,0.9,0.814285714
0,0.5,0.5,0.95,0.814285714
0.45,0,0.55,0.5,0.812857143
0.45,0,0.55,0.55,0.812857143
0.4,0.05,0.55,0.6,0.812857143
0.4,0.05,0.55,0.7,0.812857143
0.35,0,0.65,0.5,0.812857143
0.35,0,0.65,0.55,0.812857143
0.35,0.05,0.6,0.55,0.812857143
0.35,0.05,0.6,0.6,0.812857143
0.35,0.1,0.55,0.7,0.812857143
0.35,0.1,0.55,0.75,0.812857143
0.35,0.2,0.45,0.65,0.812857143
0.3,0,0.7,0.55,0.812857143
0.3,0.05,0.65,0.6,0.812857143
0.3,0.05,0.65,0.65,0.812857143
0.3,0.1,0.6,0.65,0.812857143
0.3,0.15,0.55,0.7,0.812857143
0.3,0.15,0.55,0.75,0.812857143
0.3,0.15,0.55,0.8,0.812857143
0.3,0.15,0.55,0.85,0.812857143
0.3,0.15,0.55,0.95,0.812857143
0.25,0,0.75,0.6,0.812857143
0.25,0.05,0.7,0.65,0.812857143
0.25,0.05,0.7,0.75,0.812857143
0.25,0.1,0.65,0.7,0.812857143
0.25,0.1,0.65,0.75,0.812857143
0.25,0.15,0.6,0.7,0.812857143
0.25,0.15,0.6,0.75,0.812857143
0.25,0.15,0.6,0.8,0.812857143
0.25,0.2,0.55,0.75,0.812857143
0.25,0.2,0.55,0.8,0.812857143
0.25,0.2,0.55,0.85,0.812857143
0.25,0.2,0.55,0.95,0.812857143
0.25,0.25,0.5,0.8,0.812857143
0.2,0.05,0.75,0.75,0.812857143
0.2,0.1,0.7,0.8,0.812857143
0.2,0.1,0.7,0.9,0.812857143
0.2,0.15,0.65,0.85,0.812857143
0.2,0.15,0.65,0.9,0.812857143
0.2,0.15,0.65,0.95,0.812857143
0.2,0.2,0.6,0.85,0.812857143
0.2,0.2,0.6,0.9,0.812857143
0.2,0.25,0.55,0.85,0.812857143
0.2,0.25,0.55,0.9,0.812857143
0.2,0.25,0.55,0.95,0.812857143
0.15,0,0.85,0.75,0.812857143
0.15,0.1,0.75,0.95,0.812857143
0.15,0.5,0.35,0.6,0.812857143
0.15,0.5,0.35,0.65,0.812857143
0.15,0.5,0.35,0.7,0.812857143
0.15,0.5,0.35,0.75,0.812857143
0.15,0.5,0.35,0.8,0.812857143
0.15,0.5,0.35,0.85,0.812857143
0.15,0.5,0.35,0.9,0.812857143
0.15,0.5,0.35,0.95,0.812857143
0.1,0,0.9,0.85,0.812857143
0.1,0.45,0.45,0.65,0.812857143
0.1,0.45,0.45,0.7,0.812857143
0.1,0.55,0.35,0.9,0.812857143
0.1,0.55,0.35,0.95,0.812857143
0.5,0,0.5,0.5,0.811428571
0.5,0,0.5,0.75,0.811428571
0.45,0,0.55,0.65,0.811428571
0.45,0,0.55,0.7,0.811428571
0.45,0,0.55,0.75,0.811428571
0.45,0.05,0.5,0.55,0.811428571
0.45,0.05,0.5,0.85,0.811428571
0.4,0,0.6,0.5,0.811428571
0.4,0.05,0.55,0.75,0.811428571
0.4,0.05,0.55,0.8,0.811428571
0.4,0.05,0.55,0.85,0.811428571
0.4,0.1,0.5,0.7,0.811428571
0.4,0.1,0.5,0.9,0.811428571
0.35,0.1,0.55,0.55,0.811428571
0.35,0.1,0.55,0.6,0.811428571
0.35,0.1,0.55,0.8,0.811428571
0.35,0.1,0.55,0.85,0.811428571
0.35,0.1,0.55,0.9,0.811428571
0.35,0.1,0.55,0.95,0.811428571
0.35,0.15,0.5,0.65,0.811428571
0.35,0.15,0.5,0.7,0.811428571
0.35,0.15,0.5,0.75,0.811428571
0.3,0,0.7,0.5,0.811428571
0.3,0.05,0.65,0.55,0.811428571
0.3,0.1,0.6,0.6,0.811428571
0.3,0.15,0.55,0.65,0.811428571
0.3,0.15,0.55,0.9,0.811428571
0.3,0.2,0.5,0.7,0.811428571
0.3,0.2,0.5,0.75,0.811428571
0.3,0.2,0.5,0.85,0.811428571
0.3,0.2,0.5,0.9,0.811428571
0.3,0.2,0.5,0.95,0.811428571
0.3,0.25,0.45,0.65,0.811428571
0.3,0.25,0.45,0.7,0.811428571
0.25,0,0.75,0.5,0.811428571
0.25,0,0.75,0.55,0.811428571
0.25,0.05,0.7,0.55,0.811428571
0.25,0.05,0.7,0.6,0.811428571
0.25,0.1,0.65,0.65,0.811428571
0.25,0.25,0.5,0.7,0.811428571
0.25,0.25,0.5,0.75,0.811428571
0.25,0.25,0.5,0.95,0.811428571
0.2,0,0.8,0.55,0.811428571
0.2,0,0.8,0.6,0.811428571
0.2,0,0.8,0.65,0.811428571
0.2,0.05,0.75,0.6,0.811428571
0.2,0.05,0.75,0.65,0.811428571
0.2,0.05,0.75,0.7,0.811428571
0.2,0.1,0.7,0.7,0.811428571
0.2,0.1,0.7,0.75,0.811428571
0.2,0.15,0.65,0.75,0.811428571
0.2,0.15,0.65,0.8,0.811428571
0.2,0.2,0.6,0.8,0.811428571
0.2,0.25,0.55,0.75,0.811428571
0.2,0.25,0.55,0.8,0.811428571
0.2,0.45,0.35,0.6,0.811428571
0.2,0.45,0.35,0.9,0.811428571
0.15,0,0.85,0.6,0.811428571
0.15,0,0.85,0.65,0.811428571
0.15,0,0.85,0.7,0.811428571
0.15,0.05,0.8,0.8,0.811428571
0.15,0.1,0.75,0.75,0.811428571
0.15,0.1,0.75,0.8,0.811428571
0.15,0.1,0.75,0.85,0.811428571
0.15,0.1,0.75,0.9,0.811428571
0.15,0.15,0.7,0.85,0.811428571
0.15,0.15,0.7,0.9,0.811428571
0.15,0.15,0.7,0.95,0.811428571
0.15,0.2,0.65,0.9,0.811428571
0.15,0.2,0.65,0.95,0.811428571
0.15,0.25,0.6,0.9,0.811428571
0.15,0.25,0.6,0.95,0.811428571
0.15,0.3,0.55,0.95,0.811428571
0.15,0.5,0.35,0.5,0.811428571
0.15,0.5,0.35,0.55,0.811428571
0.1,0,0.9,0.75,0.811428571
0.1,0,0.9,0.8,0.811428571
0.1,0.05,0.85,0.85,0.811428571
0.1,0.05,0.85,0.9,0.811428571
0.1,0.05,0.85,0.95,0.811428571
0.1,0.45,0.45,0.5,0.811428571
0.1,0.45,0.45,0.55,0.811428571
0.1,0.45,0.45,0.6,0.811428571
0.5,0,0.5,0.55,0.81
0.5,0,0.5,0.65,0.81
0.5,0,0.5,0.7,0.81
0.45,0.05,0.5,0.6,0.81
0.45,0.05,0.5,0.7,0.81
0.45,0.05,0.5,0.75,0.81
0.45,0.05,0.5,0.8,0.81
0.4,0.05,0.55,0.5,0.81
0.4,0.1,0.5,0.55,0.81
0.4,0.1,0.5,0.6,0.81
0.4,0.1,0.5,0.65,0.81
0.4,0.1,0.5,0.8,0.81
0.4,0.1,0.5,0.85,0.81
0.4,0.1,0.5,0.95,0.81
0.4,0.15,0.45,0.6,0.81
0.35,0.15,0.5,0.8,0.81
0.35,0.15,0.5,0.9,0.81
0.35,0.15,0.5,0.95,0.81
0.35,0.2,0.45,0.6,0.81
0.35,0.2,0.45,0.7,0.81
0.35,0.2,0.45,0.75,0.81
0.35,0.2,0.45,0.8,0.81
0.3,0.05,0.65,0.5,0.81
0.3,0.1,0.6,0.55,0.81
0.3,0.15,0.55,0.6,0.81
0.3,0.2,0.5,0.65,0.81
0.3,0.2,0.5,0.8,0.81
0.3,0.25,0.45,0.6,0.81
0.3,0.25,0.45,0.75,0.81
0.3,0.25,0.45,0.8,0.81
0.3,0.25,0.45,0.85,0.81
0.3,0.25,0.45,0.9,0.81
0.25,0.1,0.65,0.6,0.81
0.25,0.15,0.6,0.65,0.81
0.25,0.2,0.55,0.7,0.81
0.25,0.25,0.5,0.85,0.81
0.25,0.25,0.5,0.9,0.81
0.25,0.3,0.45,0.7,0.81
0.25,0.3,0.45,0.95,0.81
0.25,0.4,0.35,0.5,0.81
0.2,0,0.8,0.5,0.81
0.2,0.1,0.7,0.65,0.81
0.2,0.15,0.65,0.7,0.81
0.2,0.2,0.6,0.75,0.81
0.2,0.3,0.5,0.75,0.81
0.2,0.35,0.45,0.8,0.81
0.2,0.35,0.45,0.85,0.81
0.2,0.35,0.45,0.9,0.81
0.2,0.35,0.45,0.95,0.81
0.2,0.45,0.35,0.55,0.81
0.2,0.45,0.35,0.65,0.81
0.2,0.45,0.35,0.7,0.81
0.2,0.45,0.35,0.75,0.81
0.2,0.45,0.35,0.8,0.81
0.2,0.45,0.35,0.95,0.81
0.15,0,0.85,0.5,0.81
0.15,0,0.85,0.55,0.81
0.15,0.05,0.8,0.5,0.81
0.15,0.05,0.8,0.55,0.81
0.15,0.05,0.8,0.6,0.81
0.15,0.05,0.8,0.65,0.81
0.15,0.05,0.8,0.7,0.81
0.15,0.05,0.8,0.75,0.81
0.15,0.2,0.65,0.85,0.81
0.15,0.25,0.6,0.8,0.81
0.15,0.25,0.6,0.85,0.81
0.15,0.3,0.55,0.8,0.81
0.15,0.3,0.55,0.85,0.81
0.15,0.3,0.55,0.9,0.81
0.15,0.4,0.45,0.7,0.81
0.15,0.4,0.45,0.75,0.81
0.15,0.4,0.45,0.8,0.81
0.15,0.4,0.45,0.85,0.81
0.15,0.4,0.45,0.9,0.81
0.15,0.4,0.45,0.95,0.81
0.15,0.55,0.3,0.5,0.81
0.15,0.55,0.3,0.55,0.81
0.1,0,0.9,0.5,0.81
0.1,0,0.9,0.55,0.81
0.1,0,0.9,0.6,0.81
0.1,0,0.9,0.65,0.81
0.1,0,0.9,0.7,0.81
0.1,0.05,0.85,0.5,0.81
0.1,0.05,0.85,0.55,0.81
0.1,0.05,0.85,0.6,0.81
0.1,0.05,0.85,0.65,0.81
0.1,0.05,0.85,0.7,0.81
0.1,0.05,0.85,0.75,0.81
0.1,0.05,0.85,0.8,0.81
0.1,0.1,0.8,0.95,0.81
0.1,0.2,0.7,0.95,0.81
0.1,0.25,0.65,0.85,0.81
0.1,0.25,0.65,0.9,0.81
0.1,0.25,0.65,0.95,0.81
0.1,0.35,0.55,0.85,0.81
0.1,0.35,0.55,0.9,0.81
0.1,0.35,0.55,0.95,0.81
0.05,0,0.95,0.5,0.81
0.05,0,0.95,0.55,0.81
0.05,0,0.95,0.6,0.81
0.05,0,0.95,0.65,0.81
0.05,0,0.95,0.7,0.81
0.05,0,0.95,0.75,0.81
0.05,0,0.95,0.8,0.81
0.05,0,0.95,0.85,0.81
0.05,0,0.95,0.9,0.81
0.05,0,0.95,0.95,0.81
0.05,0.05,0.9,0.5,0.81
0.05,0.05,0.9,0.55,0.81
0.05,0.05,0.9,0.6,0.81
0.05,0.05,0.9,0.65,0.81
0.05,0.05,0.9,0.7,0.81
0.05,0.05,0.9,0.75,0.81
0.05,0.05,0.9,0.8,0.81
0.05,0.05,0.9,0.85,0.81
0.05,0.05,0.9,0.9,0.81
0.05,0.05,0.9,0.95,0.81
0.05,0.1,0.85,0.65,0.81
0.05,0.1,0.85,0.7,0.81
0.05,0.1,0.85,0.75,0.81
0.05,0.1,0.85,0.8,0.81
0.05,0.1,0.85,0.85,0.81
0.05,0.1,0.85,0.9,0.81
0.05,0.1,0.85,0.95,0.81
0,0.05,0.95,0.5,0.81
0,0.05,0.95,0.55,0.81
0,0.05,0.95,0.6,0.81
0,0.05,0.95,0.65,0.81
0,0.05,0.95,0.7,0.81
0,0.05,0.95,0.75,0.81
0,0.05,0.95,0.8,0.81
0,0.05,0.95,0.85,0.81
0,0.05,0.95,0.9,0.81
0,0.05,0.95,0.95,0.81
0,0.1,0.9,0.5,0.81
0,0.1,0.9,0.55,0.81
0,0.1,0.9,0.6,0.81
0,0.1,0.9,0.65,0.81
0,0.1,0.9,0.7,0.81
0,0.1,0.9,0.75,0.81
0,0.1,0.9,0.8,0.81
0,0.1,0.9,0.85,0.81
0,0.1,0.9,0.9,0.81
0,0.1,0.9,0.95,0.81
0.55,0,0.45,0.65,0.808571429
0.55,0,0.45,0.7,0.808571429
0.5,0,0.5,0.6,0.808571429
0.5,0.05,0.45,0.7,0.808571429
0.45,0.05,0.5,0.5,0.808571429
0.45,0.05,0.5,0.65,0.808571429
0.45,0.1,0.45,0.8,0.808571429
0.4,0.1,0.5,0.5,0.808571429
0.4,0.1,0.5,0.75,0.808571429
0.35,0.05,0.6,0.5,0.808571429
0.35,0.1,0.55,0.5,0.808571429
0.35,0.15,0.5,0.5,0.808571429
0.35,0.15,0.5,0.55,0.808571429
0.35,0.15,0.5,0.6,0.808571429
0.35,0.15,0.5,0.85,0.808571429
0.35,0.25,0.4,0.6,0.808571429
0.3,0.1,0.6,0.5,0.808571429
0.3,0.15,0.55,0.5,0.808571429
0.3,0.15,0.55,0.55,0.808571429
0.3,0.2,0.5,0.5,0.808571429
0.3,0.25,0.45,0.95,0.808571429
0.25,0.05,0.7,0.5,0.808571429
0.25,0.1,0.65,0.5,0.808571429
0.25,0.1,0.65,0.55,0.808571429
0.25,0.15,0.6,0.5,0.808571429
0.25,0.15,0.6,0.55,0.808571429
0.25,0.15,0.6,0.6,0.808571429
0.25,0.2,0.55,0.5,0.808571429
0.25,0.2,0.55,0.55,0.808571429
0.25,0.2,0.55,0.6,0.808571429
0.25,0.2,0.55,0.65,0.808571429
0.25,0.25,0.5,0.65,0.808571429
0.25,0.3,0.45,0.65,0.808571429
0.25,0.3,0.45,0.75,0.808571429
0.25,0.3,0.45,0.8,0.808571429
0.25,0.3,0.45,0.85,0.808571429
0.25,0.3,0.45,0.9,0.808571429
0.25,0.4,0.35,0.55,0.808571429
0.2,0.05,0.75,0.55,0.808571429
0.2,0.1,0.7,0.55,0.808571429
0.2,0.1,0.7,0.6,0.808571429
0.2,0.15,0.65,0.5,0.808571429
0.2,0.15,0.65,0.55,0.808571429
0.2,0.15,0.65,0.6,0.808571429
0.2,0.15,0.65,0.65,0.808571429
0.2,0.2,0.6,0.5,0.808571429
0.2,0.2,0.6,0.55,0.808571429
0.2,0.2,0.6,0.6,0.808571429
0.2,0.2,0.6,0.65,0.808571429
0.2,0.2,0.6,0.7,0.808571429
0.2,0.25,0.55,0.5,0.808571429
0.2,0.25,0.55,0.55,0.808571429
0.2,0.25,0.55,0.6,0.808571429
0.2,0.25,0.55,0.65,0.808571429
0.2,0.3,0.5,0.7,0.808571429
0.2,0.3,0.5,0.8,0.808571429
0.2,0.3,0.5,0.85,0.808571429
0.2,0.3,0.5,0.9,0.808571429
0.2,0.3,0.5,0.95,0.808571429
0.2,0.35,0.45,0.65,0.808571429
0.2,0.35,0.45,0.7,0.808571429
0.2,0.35,0.45,0.75,0.808571429
0.2,0.4,0.4,0.5,0.808571429
0.2,0.4,0.4,0.55,0.808571429
0.2,0.4,0.4,0.6,0.808571429
0.2,0.4,0.4,0.65,0.808571429
0.2,0.4,0.4,0.7,0.808571429
0.2,0.4,0.4,0.75,0.808571429
0.2,0.4,0.4,0.8,0.808571429
0.2,0.45,0.35,0.85,0.808571429
0.15,0.1,0.75,0.7,0.808571429
0.15,0.15,0.7,0.65,0.808571429
0.15,0.15,0.7,0.7,0.808571429
0.15,0.15,0.7,0.75,0.808571429
0.15,0.15,0.7,0.8,0.808571429
0.15,0.2,0.65,0.5,0.808571429
0.15,0.2,0.65,0.55,0.808571429
0.15,0.2,0.65,0.6,0.808571429
0.15,0.2,0.65,0.65,0.808571429
0.15,0.2,0.65,0.7,0.808571429
0.15,0.2,0.65,0.75,0.808571429
0.15,0.2,0.65,0.8,0.808571429
0.15,0.25,0.6,0.5,0.808571429
0.15,0.25,0.6,0.55,0.808571429
0.15,0.25,0.6,0.6,0.808571429
0.15,0.25,0.6,0.65,0.808571429
0.15,0.25,0.6,0.7,0.808571429
0.15,0.25,0.6,0.75,0.808571429
0.15,0.3,0.55,0.75,0.808571429
0.15,0.35,0.5,0.7,0.808571429
0.15,0.35,0.5,0.85,0.808571429
0.15,0.35,0.5,0.9,0.808571429
0.15,0.35,0.5,0.95,0.808571429
0.15,0.4,0.45,0.6,0.808571429
0.15,0.4,0.45,0.65,0.808571429
0.15,0.55,0.3,0.6,0.808571429
0.15,0.55,0.3,0.65,0.808571429
0.15,0.55,0.3,0.7,0.808571429
0.15,0.55,0.3,0.75,0.808571429
0.1,0.1,0.8,0.5,0.808571429
0.1,0.1,0.8,0.55,0.808571429
0.1,0.1,0.8,0.6,0.808571429
0.1,0.1,0.8,0.65,0.808571429
0.1,0.1,0.8,0.7,0.808571429
0.1,0.1,0.8,0.75,0.808571429
0.1,0.1,0.8,0.8,0.808571429
0.1,0.1,0.8,0.85,0.808571429
0.1,0.1,0.8,0.9,0.808571429
0.1,0.15,0.75,0.9,0.808571429
0.1,0.15,0.75,0.95,0.808571429
0.1,0.2,0.7,0.8,0.808571429
0.1,0.2,0.7,0.85,0.808571429
0.1,0.2,0.7,0.9,0.808571429
0.1,0.25,0.65,0.5,0.808571429
0.1,0.25,0.65,0.55,0.808571429
0.1,0.25,0.65,0.6,0.808571429
0.1,0.25,0.65,0.65,0.808571429
0.1,0.25,0.65,0.7,0.808571429
0.1,0.25,0.65,0.75,0.808571429
0.1,0.25,0.65,0.8,0.808571429
0.1,0.3,0.6,0.8,0.808571429
0.1,0.3,0.6,0.85,0.808571429
0.1,0.3,0.6,0.9,0.808571429
0.1,0.3,0.6,0.95,0.808571429
0.1,0.4,0.5,0.95,0.808571429
0.1,0.6,0.3,0.5,0.808571429
0.1,0.6,0.3,0.55,0.808571429
0.1,0.6,0.3,0.6,0.808571429
0.1,0.6,0.3,0.65,0.808571429
0.1,0.6,0.3,0.95,0.808571429
0.05,0.1,0.85,0.5,0.808571429
0.05,0.1,0.85,0.55,0.808571429
0.05,0.1,0.85,0.6,0.808571429
0.05,0.15,0.8,0.5,0.808571429
0.05,0.15,0.8,0.55,0.808571429
0.05,0.15,0.8,0.6,0.808571429
0.05,0.3,0.65,0.9,0.808571429
0.05,0.3,0.65,0.95,0.808571429
0.05,0.45,0.5,0.8,0.808571429
0.05,0.45,0.5,0.85,0.808571429
0.05,0.45,0.5,0.9,0.808571429
0.05,0.45,0.5,0.95,0.808571429
0.05,0.65,0.3,0.6,0.808571429
0.05,0.65,0.3,0.65,0.808571429
0.05,0.65,0.3,0.7,0.808571429
0.05,0.65,0.3,0.75,0.808571429
0.05,0.65,0.3,0.8,0.808571429
0.05,0.65,0.3,0.85,0.808571429
0.05,0.65,0.3,0.9,0.808571429
0.05,0.65,0.3,0.95,0.808571429
0,0,1,0.5,0.808571429
0,0,1,0.55,0.808571429
0,0,1,0.6,0.808571429
0,0,1,0.65,0.808571429
0,0,1,0.7,0.808571429
0,0,1,0.75,0.808571429
0,0,1,0.8,0.808571429
0,0,1,0.85,0.808571429
0,0,1,0.9,0.808571429
0,0,1,0.95,0.808571429
0,0.15,0.85,0.5,0.808571429
0,0.15,0.85,0.55,0.808571429
0,0.15,0.85,0.6,0.808571429
0,0.15,0.85,0.65,0.808571429
0,0.15,0.85,0.7,0.808571429
0,0.15,0.85,0.75,0.808571429
0,0.15,0.85,0.8,0.808571429
0,0.15,0.85,0.85,0.808571429
0,0.15,0.85,0.9,0.808571429
0,0.15,0.85,0.95,0.808571429
0.55,0,0.45,0.55,0.807142857
0.55,0,0.45,0.6,0.807142857
0.5,0,0.5,0.8,0.807142857
0.5,0.05,0.45,0.65,0.807142857
0.5,0.05,0.45,0.75,0.807142857
0.45,0,0.55,0.95,0.807142857
0.45,0.05,0.5,0.9,0.807142857
0.45,0.1,0.45,0.5,0.807142857
0.45,0.1,0.45,0.55,0.807142857
0.45,0.1,0.45,0.6,0.807142857
0.45,0.1,0.45,0.75,0.807142857
0.4,0.15,0.45,0.55,0.807142857
0.4,0.15,0.45,0.65,0.807142857
0.4,0.15,0.45,0.9,0.807142857
0.35,0.2,0.45,0.55,0.807142857
0.35,0.2,0.45,0.85,0.807142857
0.35,0.2,0.45,0.9,0.807142857
0.35,0.2,0.45,0.95,0.807142857
0.35,0.25,0.4,0.65,0.807142857
0.35,0.3,0.35,0.5,0.807142857
0.35,0.3,0.35,0.6,0.807142857
0.3,0.2,0.5,0.55,0.807142857
0.3,0.25,0.45,0.5,0.807142857
0.3,0.25,0.45,0.55,0.807142857
0.3,0.3,0.4,0.6,0.807142857
0.3,0.3,0.4,0.8,0.807142857
0.3,0.35,0.35,0.5,0.807142857
0.3,0.35,0.35,0.55,0.807142857
0.3,0.35,0.35,0.6,0.807142857
0.3,0.35,0.35,0.65,0.807142857
0.25,0.25,0.5,0.5,0.807142857
0.25,0.25,0.5,0.55,0.807142857
0.25,0.25,0.5,0.6,0.807142857
0.25,0.35,0.4,0.5,0.807142857
0.25,0.35,0.4,0.7,0.807142857
0.25,0.35,0.4,0.75,0.807142857
0.25,0.35,0.4,0.8,0.807142857
0.25,0.4,0.35,0.6,0.807142857
0.25,0.4,0.35,0.65,0.807142857
0.2,0.05,0.75,0.5,0.807142857
0.2,0.1,0.7,0.5,0.807142857
0.2,0.25,0.55,0.7,0.807142857
0.2,0.3,0.5,0.5,0.807142857
0.2,0.3,0.5,0.55,0.807142857
0.2,0.3,0.5,0.65,0.807142857
0.2,0.35,0.45,0.6,0.807142857
0.2,0.4,0.4,0.85,0.807142857
0.2,0.4,0.4,0.9,0.807142857
0.2,0.4,0.4,0.95,0.807142857
0.2,0.5,0.3,0.5,0.807142857
0.2,0.5,0.3,0.55,0.807142857
0.15,0.1,0.75,0.5,0.807142857
0.15,0.1,0.75,0.55,0.807142857
0.15,0.1,0.75,0.6,0.807142857
0.15,0.1,0.75,0.65,0.807142857
0.15,0.15,0.7,0.5,0.807142857
0.15,0.15,0.7,0.55,0.807142857
0.15,0.15,0.7,0.6,0.807142857
0.15,0.3,0.55,0.5,0.807142857
0.15,0.3,0.55,0.55,0.807142857
0.15,0.3,0.55,0.7,0.807142857
0.15,0.35,0.5,0.5,0.807142857
0.15,0.35,0.5,0.55,0.807142857
0.15,0.35,0.5,0.65,0.807142857
0.15,0.35,0.5,0.75,0.807142857
0.15,0.35,0.5,0.8,0.807142857
0.15,0.4,0.45,0.5,0.807142857
0.15,0.4,0.45,0.55,0.807142857
0.15,0.55,0.3,0.8,0.807142857
0.1,0.15,0.75,0.5,0.807142857
0.1,0.15,0.75,0.55,0.807142857
0.1,0.15,0.75,0.6,0.807142857
0.1,0.15,0.75,0.65,0.807142857
0.1,0.15,0.75,0.7,0.807142857
0.1,0.15,0.75,0.75,0.807142857
0.1,0.15,0.75,0.8,0.807142857
0.1,0.15,0.75,0.85,0.807142857
0.1,0.2,0.7,0.5,0.807142857
0.1,0.2,0.7,0.55,0.807142857
0.1,0.2,0.7,0.6,0.807142857
0.1,0.2,0.7,0.65,0.807142857
0.1,0.2,0.7,0.7,0.807142857
0.1,0.2,0.7,0.75,0.807142857
0.1,0.3,0.6,0.5,0.807142857
0.1,0.3,0.6,0.55,0.807142857
0.1,0.3,0.6,0.6,0.807142857
0.1,0.3,0.6,0.65,0.807142857
0.1,0.3,0.6,0.7,0.807142857
0.1,0.3,0.6,0.75,0.807142857
0.1,0.35,0.55,0.5,0.807142857
0.1,0.35,0.55,0.55,0.807142857
0.1,0.35,0.55,0.6,0.807142857
0.1,0.35,0.55,0.65,0.807142857
0.1,0.35,0.55,0.7,0.807142857
0.1,0.35,0.55,0.75,0.807142857
0.1,0.35,0.55,0.8,0.807142857
0.1,0.4,0.5,0.55,0.807142857
0.1,0.4,0.5,0.65,0.807142857
0.1,0.4,0.5,0.7,0.807142857
0.1,0.4,0.5,0.75,0.807142857
0.1,0.4,0.5,0.8,0.807142857
0.1,0.4,0.5,0.85,0.807142857
0.1,0.4,0.5,0.9,0.807142857
0.1,0.6,0.3,0.7,0.807142857
0.1,0.6,0.3,0.75,0.807142857
0.1,0.6,0.3,0.8,0.807142857
0.1,0.6,0.3,0.85,0.807142857
0.1,0.6,0.3,0.9,0.807142857
0.05,0.15,0.8,0.65,0.807142857
0.05,0.15,0.8,0.7,0.807142857
0.05,0.15,0.8,0.75,0.807142857
0.05,0.15,0.8,0.8,0.807142857
0.05,0.15,0.8,0.85,0.807142857
0.05,0.15,0.8,0.9,0.807142857
0.05,0.15,0.8,0.95,0.807142857
0.05,0.2,0.75,0.5,0.807142857
0.05,0.2,0.75,0.55,0.807142857
0.05,0.2,0.75,0.6,0.807142857
0.05,0.2,0.75,0.65,0.807142857
0.05,0.2,0.75,0.7,0.807142857
0.05,0.2,0.75,0.75,0.807142857
0.05,0.2,0.75,0.8,0.807142857
0.05,0.2,0.75,0.85,0.807142857
0.05,0.2,0.75,0.9,0.807142857
0.05,0.2,0.75,0.95,0.807142857
0.05,0.25,0.7,0.5,0.807142857
0.05,0.25,0.7,0.55,0.807142857
0.05,0.25,0.7,0.6,0.807142857
0.05,0.25,0.7,0.65,0.807142857
0.05,0.25,0.7,0.7,0.807142857
0.05,0.25,0.7,0.75,0.807142857
0.05,0.25,0.7,0.8,0.807142857
0.05,0.25,0.7,0.85,0.807142857
0.05,0.25,0.7,0.9,0.807142857
0.05,0.25,0.7,0.95,0.807142857
0.05,0.3,0.65,0.5,0.807142857
0.05,0.3,0.65,0.55,0.807142857
0.05,0.3,0.65,0.6,0.807142857
0.05,0.3,0.65,0.65,0.807142857
0.05,0.3,0.65,0.7,0.807142857
0.05,0.3,0.65,0.75,0.807142857
0.05,0.3,0.65,0.8,0.807142857
0.05,0.3,0.65,0.85,0.807142857
0.05,0.35,0.6,0.5,0.807142857
0.05,0.35,0.6,0.55,0.807142857
0.05,0.35,0.6,0.6,0.807142857
0.05,0.35,0.6,0.65,0.807142857
0.05,0.35,0.6,0.7,0.807142857
0.05,0.35,0.6,0.75,0.807142857
0.05,0.35,0.6,0.8,0.807142857
0.05,0.35,0.6,0.85,0.807142857
0.05,0.35,0.6,0.9,0.807142857
0.05,0.35,0.6,0.95,0.807142857
0.05,0.4,0.55,0.5,0.807142857
0.05,0.4,0.55,0.55,0.807142857
0.05,0.4,0.55,0.6,0.807142857
0.05,0.4,0.55,0.65,0.807142857
0.05,0.4,0.55,0.7,0.807142857
0.05,0.4,0.55,0.75,0.807142857
0.05,0.4,0.55,0.8,0.807142857
0.05,0.4,0.55,0.85,0.807142857
0.05,0.4,0.55,0.9,0.807142857
0.05,0.4,0.55,0.95,0.807142857
0.05,0.45,0.5,0.5,0.807142857
0.05,0.45,0.5,0.55,0.807142857
0.05,0.45,0.5,0.6,0.807142857
0.05,0.45,0.5,0.65,0.807142857
0.05,0.45,0.5,0.7,0.807142857
0.05,0.45,0.5,0.75,0.807142857
0.05,0.65,0.3,0.5,0.807142857
0.05,0.65,0.3,0.55,0.807142857
0,0.2,0.8,0.5,0.807142857
0,0.2,0.8,0.55,0.807142857
0,0.2,0.8,0.6,0.807142857
0,0.2,0.8,0.65,0.807142857
0,0.2,0.8,0.7,0.807142857
0,0.2,0.8,0.75,0.807142857
0,0.2,0.8,0.8,0.807142857
0,0.2,0.8,0.85,0.807142857
0,0.2,0.8,0.9,0.807142857
0,0.2,0.8,0.95,0.807142857
0,0.25,0.75,0.5,0.807142857
0,0.25,0.75,0.55,0.807142857
0,0.25,0.75,0.6,0.807142857
0,0.25,0.75,0.65,0.807142857
0,0.25,0.75,0.7,0.807142857
0,0.25,0.75,0.75,0.807142857
0,0.25,0.75,0.8,0.807142857
0,0.25,0.75,0.85,0.807142857
0,0.25,0.75,0.9,0.807142857
0,0.25,0.75,0.95,0.807142857
0,0.35,0.65,0.5,0.807142857
0,0.35,0.65,0.55,0.807142857
0,0.35,0.65,0.6,0.807142857
0,0.35,0.65,0.65,0.807142857
0,0.35,0.65,0.7,0.807142857
0,0.35,0.65,0.75,0.807142857
0,0.35,0.65,0.8,0.807142857
0,0.35,0.65,0.85,0.807142857
0,0.35,0.65,0.9,0.807142857
0,0.35,0.65,0.95,0.807142857
0,0.4,0.6,0.5,0.807142857
0,0.4,0.6,0.55,0.807142857
0,0.4,0.6,0.6,0.807142857
0,0.4,0.6,0.65,0.807142857
0,0.4,0.6,0.7,0.807142857
0,0.4,0.6,0.75,0.807142857
0,0.4,0.6,0.8,0.807142857
0,0.4,0.6,0.85,0.807142857
0,0.4,0.6,0.9,0.807142857
0,0.4,0.6,0.95,0.807142857
0,0.45,0.55,0.5,0.807142857
0,0.45,0.55,0.55,0.807142857
0,0.45,0.55,0.6,0.807142857
0,0.45,0.55,0.65,0.807142857
0,0.45,0.55,0.7,0.807142857
0,0.45,0.55,0.75,0.807142857
0,0.45,0.55,0.8,0.807142857
0,0.45,0.55,0.85,0.807142857
0,0.45,0.55,0.9,0.807142857
0,0.45,0.55,0.95,0.807142857
0,0.7,0.3,0.5,0.807142857
0,0.7,0.3,0.55,0.807142857
0,0.7,0.3,0.6,0.807142857
0,0.7,0.3,0.65,0.807142857
0,0.7,0.3,0.7,0.807142857
0,0.7,0.3,0.75,0.807142857
0,0.7,0.3,0.8,0.807142857
0,0.7,0.3,0.85,0.807142857
0,0.7,0.3,0.9,0.807142857
0,0.7,0.3,0.95,0.807142857
0.55,0,0.45,0.5,0.805714286
0.5,0,0.5,0.85,0.805714286
0.5,0.05,0.45,0.5,0.805714286
0.5,0.05,0.45,0.55,0.805714286
0.5,0.05,0.45,0.6,0.805714286
0.45,0.05,0.5,0.95,0.805714286
0.45,0.1,0.45,0.65,0.805714286
0.45,0.1,0.45,0.7,0.805714286
0.45,0.1,0.45,0.85,0.805714286
0.45,0.15,0.4,0.55,0.805714286
0.45,0.2,0.35,0.5,0.805714286
0.4,0.15,0.45,0.7,0.805714286
0.4,0.15,0.45,0.75,0.805714286
0.4,0.15,0.45,0.8,0.805714286
0.4,0.15,0.45,0.85,0.805714286
0.4,0.15,0.45,0.95,0.805714286
0.4,0.2,0.4,0.55,0.805714286
0.4,0.2,0.4,0.6,0.805714286
0.4,0.25,0.35,0.5,0.805714286
0.4,0.25,0.35,0.55,0.805714286
0.35,0.2,0.45,0.5,0.805714286
0.35,0.25,0.4,0.55,0.805714286
0.35,0.25,0.4,0.7,0.805714286
0.35,0.25,0.4,0.75,0.805714286
0.35,0.25,0.4,0.85,0.805714286
0.35,0.3,0.35,0.55,0.805714286
0.35,0.3,0.35,0.65,0.805714286
0.3,0.2,0.5,0.6,0.805714286
0.3,0.3,0.4,0.55,0.805714286
0.3,0.3,0.4,0.65,0.805714286
0.3,0.3,0.4,0.7,0.805714286
0.3,0.3,0.4,0.75,0.805714286
0.3,0.3,0.4,0.9,0.805714286
0.3,0.45,0.25,0.5,0.805714286
0.25,0.3,0.45,0.5,0.805714286
0.25,0.3,0.45,0.55,0.805714286
0.25,0.3,0.45,0.6,0.805714286
0.25,0.35,0.4,0.55,0.805714286
0.25,0.35,0.4,0.6,0.805714286
0.25,0.35,0.4,0.65,0.805714286
0.25,0.35,0.4,0.85,0.805714286
0.25,0.35,0.4,0.9,0.805714286
0.25,0.35,0.4,0.95,0.805714286
0.25,0.4,0.35,0.7,0.805714286
0.25,0.45,0.3,0.5,0.805714286
0.25,0.45,0.3,0.55,0.805714286
0.2,0.3,0.5,0.6,0.805714286
0.2,0.35,0.45,0.5,0.805714286
0.2,0.35,0.45,0.55,0.805714286
0.2,0.5,0.3,0.6,0.805714286
0.2,0.5,0.3,0.65,0.805714286
0.2,0.5,0.3,0.8,0.805714286
0.15,0.3,0.55,0.6,0.805714286
0.15,0.3,0.55,0.65,0.805714286
0.15,0.35,0.5,0.6,0.805714286
0.15,0.55,0.3,0.85,0.805714286
0.15,0.55,0.3,0.9,0.805714286
0.15,0.55,0.3,0.95,0.805714286
0.1,0.4,0.5,0.5,0.805714286
0.1,0.4,0.5,0.6,0.805714286
0,0.3,0.7,0.5,0.805714286
0,0.3,0.7,0.55,0.805714286
0,0.3,0.7,0.6,0.805714286
0,0.3,0.7,0.65,0.805714286
0,0.3,0.7,0.7,0.805714286
0,0.3,0.7,0.75,0.805714286
0,0.3,0.7,0.8,0.805714286
0,0.3,0.7,0.85,0.805714286
0,0.3,0.7,0.9,0.805714286
0,0.3,0.7,0.95,0.805714286
0.6,0,0.4,0.65,0.804285714
0.55,0.05,0.4,0.7,0.804285714
0.5,0.1,0.4,0.5,0.804285714
0.5,0.1,0.4,0.75,0.804285714
0.5,0.1,0.4,0.8,0.804285714
0.45,0.15,0.4,0.8,0.804285714
0.45,0.15,0.4,0.9,0.804285714
0.45,0.2,0.35,0.55,0.804285714
0.4,0.15,0.45,0.5,0.804285714
0.4,0.2,0.4,0.65,0.804285714
0.4,0.2,0.4,0.8,0.804285714
0.4,0.2,0.4,0.85,0.804285714
0.4,0.2,0.4,0.95,0.804285714
0.4,0.25,0.35,0.6,0.804285714
0.4,0.25,0.35,0.65,0.804285714
0.4,0.25,0.35,0.7,0.804285714
0.35,0.25,0.4,0.5,0.804285714
0.35,0.25,0.4,0.8,0.804285714
0.35,0.25,0.4,0.9,0.804285714
0.35,0.25,0.4,0.95,0.804285714
0.35,0.3,0.35,0.7,0.804285714
0.35,0.35,0.3,0.7,0.804285714
0.35,0.35,0.3,0.75,0.804285714
0.3,0.3,0.4,0.5,0.804285714
0.3,0.3,0.4,0.85,0.804285714
0.3,0.3,0.4,0.95,0.804285714
0.3,0.35,0.35,0.7,0.804285714
0.3,0.35,0.35,0.75,0.804285714
0.3,0.35,0.35,0.8,0.804285714
0.25,0.4,0.35,0.75,0.804285714
0.25,0.4,0.35,0.8,0.804285714
0.25,0.4,0.35,0.85,0.804285714
0.25,0.4,0.35,0.9,0.804285714
0.25,0.4,0.35,0.95,0.804285714
0.25,0.45,0.3,0.6,0.804285714
0.25,0.45,0.3,0.65,0.804285714
0.2,0.5,0.3,0.7,0.804285714
0.2,0.5,0.3,0.75,0.804285714
0.2,0.5,0.3,0.85,0.804285714
0.6,0,0.4,0.6,0.802857143
0.55,0,0.45,0.75,0.802857143
0.55,0.05,0.4,0.65,0.802857143
0.5,0.15,0.35,0.5,0.802857143
0.45,0.15,0.4,0.5,0.802857143
0.45,0.15,0.4,0.6,0.802857143
0.45,0.15,0.4,0.75,0.802857143
0.45,0.15,0.4,0.85,0.802857143
0.45,0.25,0.3,0.5,0.802857143
0.4,0.2,0.4,0.5,0.802857143
0.4,0.2,0.4,0.7,0.802857143
0.4,0.2,0.4,0.75,0.802857143
0.4,0.2,0.4,0.9,0.802857143
0.35,0.35,0.3,0.65,0.802857143
0.35,0.35,0.3,0.8,0.802857143
0.3,0.35,0.35,0.85,0.802857143
0.3,0.35,0.35,0.9,0.802857143
0.3,0.45,0.25,0.55,0.802857143
0.25,0.45,0.3,0.7,0.802857143
0.2,0.5,0.3,0.9,0.802857143
0.2,0.5,0.3,0.95,0.802857143
0.2,0.55,0.25,0.5,0.802857143
0.65,0,0.35,0.6,0.801428571
0.6,0.05,0.35,0.7,0.801428571
0.55,0,0.45,0.8,0.801428571
0.55,0.05,0.4,0.5,0.801428571
0.55,0.1,0.35,0.5,0.801428571
0.55,0.1,0.35,0.55,0.801428571
0.55,0.1,0.35,0.75,0.801428571
0.55,0.15,0.3,0.5,0.801428571
0.5,0.05,0.45,0.8,0.801428571
0.5,0.05,0.45,0.85,0.801428571
0.5,0.1,0.4,0.55,0.801428571
0.5,0.1,0.4,0.6,0.801428571
0.5,0.1,0.4,0.7,0.801428571
0.5,0.15,0.35,0.55,0.801428571
0.5,0.15,0.35,0.85,0.801428571
0.45,0.1,0.45,0.9,0.801428571
0.45,0.15,0.4,0.65,0.801428571
0.45,0.15,0.4,0.7,0.801428571
0.45,0.2,0.35,0.6,0.801428571
0.45,0.2,0.35,0.65,0.801428571
0.45,0.2,0.35,0.95,0.801428571
0.4,0.25,0.35,0.75,0.801428571
0.35,0.3,0.35,0.75,0.801428571
0.35,0.3,0.35,0.8,0.801428571
0.35,0.3,0.35,0.85,0.801428571
0.3,0.4,0.3,0.55,0.801428571
0.3,0.4,0.3,0.6,0.801428571
0.3,0.4,0.3,0.85,0.801428571
0.3,0.4,0.3,0.9,0.801428571
0.2,0.55,0.25,0.55,0.801428571
0.15,0.6,0.25,0.5,0.801428571
0.15,0.6,0.25,0.55,0.801428571
0.65,0.05,0.3,0.65,0.8
0.6,0,0.4,0.5,0.8
0.6,0.05,0.35,0.65,0.8
0.6,0.1,0.3,0.55,0.8
0.55,0.05,0.4,0.55,0.8
0.55,0.05,0.4,0.6,0.8
0.55,0.1,0.35,0.7,0.8
0.5,0.1,0.4,0.65,0.8
0.5,0.15,0.35,0.6,0.8
0.5,0.2,0.3,0.5,0.8
0.5,0.2,0.3,0.6,0.8
0.45,0.1,0.45,0.95,0.8
0.45,0.2,0.35,0.7,0.8
0.45,0.2,0.35,0.75,0.8
0.45,0.2,0.35,0.9,0.8
0.45,0.25,0.3,0.55,0.8
0.45,0.25,0.3,0.6,0.8
0.4,0.25,0.35,0.8,0.8
0.4,0.25,0.35,0.9,0.8
0.4,0.3,0.3,0.5,0.8
0.4,0.3,0.3,0.6,0.8
0.4,0.3,0.3,0.65,0.8
0.4,0.3,0.3,0.7,0.8
0.4,0.35,0.25,0.5,0.8
0.35,0.3,0.35,0.95,0.8
0.35,0.35,0.3,0.5,0.8
0.35,0.35,0.3,0.6,0.8
0.35,0.4,0.25,0.55,0.8
0.3,0.35,0.35,0.95,0.8
0.3,0.4,0.3,0.5,0.8
0.25,0.45,0.3,0.75,0.8
0.25,0.45,0.3,0.8,0.8
0.25,0.45,0.3,0.85,0.8
0.25,0.5,0.25,0.5,0.8
0.15,0.6,0.25,0.6,0.8
0.75,0,0.25,0.5,0.798571429
0.75,0.05,0.2,0.5,0.798571429
0.7,0,0.3,0.5,0.798571429
0.7,0,0.3,0.6,0.798571429
0.7,0.05,0.25,0.6,0.798571429
0.65,0,0.35,0.5,0.798571429
0.65,0,0.35,0.7,0.798571429
0.65,0.05,0.3,0.6,0.798571429
0.65,0.1,0.25,0.5,0.798571429
0.65,0.1,0.25,0.55,0.798571429
0.65,0.1,0.25,0.65,0.798571429
0.6,0,0.4,0.55,0.798571429
0.6,0,0.4,0.7,0.798571429
0.6,0,0.4,0.75,0.798571429
0.6,0.05,0.35,0.5,0.798571429
0.6,0.05,0.35,0.55,0.798571429
0.6,0.05,0.35,0.6,0.798571429
0.6,0.05,0.35,0.75,0.798571429
0.6,0.1,0.3,0.6,0.798571429
0.6,0.1,0.3,0.7,0.798571429
0.55,0.05,0.4,0.8,0.798571429
0.55,0.1,0.35,0.6,0.798571429
0.55,0.1,0.35,0.65,0.798571429
0.55,0.1,0.35,0.8,0.798571429
0.55,0.15,0.3,0.55,0.798571429
0.55,0.15,0.3,0.6,0.798571429
0.55,0.15,0.3,0.65,0.798571429
0.5,0.1,0.4,0.85,0.798571429
0.5,0.15,0.35,0.65,0.798571429
0.5,0.15,0.35,0.7,0.798571429
0.5,0.15,0.35,0.8,0.798571429
0.5,0.2,0.3,0.55,0.798571429
0.5,0.2,0.3,0.85,0.798571429
0.45,0.15,0.4,0.95,0.798571429
0.45,0.2,0.35,0.8,0.798571429
0.45,0.2,0.35,0.85,0.798571429
0.45,0.25,0.3,0.65,0.798571429
0.45,0.25,0.3,0.8,0.798571429
0.45,0.25,0.3,0.9,0.798571429
0.4,0.25,0.35,0.85,0.798571429
0.4,0.25,0.35,0.95,0.798571429
0.4,0.3,0.3,0.55,0.798571429
0.4,0.3,0.3,0.75,0.798571429
0.4,0.3,0.3,0.8,0.798571429
0.4,0.3,0.3,0.85,0.798571429
0.35,0.3,0.35,0.9,0.798571429
0.35,0.35,0.3,0.55,0.798571429
0.35,0.35,0.3,0.85,0.798571429
0.35,0.35,0.3,0.9,0.798571429
0.35,0.4,0.25,0.5,0.798571429
0.35,0.4,0.25,0.6,0.798571429
0.3,0.4,0.3,0.95,0.798571429
0.3,0.45,0.25,0.6,0.798571429
0.25,0.45,0.3,0.9,0.798571429
0.25,0.5,0.25,0.55,0.798571429
0.25,0.5,0.25,0.6,0.798571429
0.2,0.55,0.25,0.6,0.798571429
0.2,0.55,0.25,0.65,0.798571429
0.15,0.6,0.25,0.65,0.798571429
0.1,0.65,0.25,0.5,0.798571429
0.1,0.65,0.25,0.55,0.798571429
0.8,0,0.2,0.5,0.797142857
0.75,0,0.25,0.55,0.797142857
0.7,0,0.3,0.55,0.797142857
0.7,0.05,0.25,0.5,0.797142857
0.7,0.05,0.25,0.55,0.797142857
0.7,0.1,0.2,0.5,0.797142857
0.65,0,0.35,0.55,0.797142857
0.65,0.05,0.3,0.5,0.797142857
0.65,0.05,0.3,0.55,0.797142857
0.65,0.1,0.25,0.6,0.797142857
0.6,0.05,0.35,0.8,0.797142857
0.6,0.1,0.3,0.5,0.797142857
0.6,0.1,0.3,0.65,0.797142857
0.6,0.15,0.25,0.5,0.797142857
0.6,0.15,0.25,0.55,0.797142857
0.55,0.05,0.4,0.75,0.797142857
0.55,0.1,0.35,0.85,0.797142857
0.55,0.15,0.3,0.7,0.797142857
0.55,0.15,0.3,0.75,0.797142857
0.55,0.2,0.25,0.5,0.797142857
0.5,0.1,0.4,0.9,0.797142857
0.5,0.15,0.35,0.75,0.797142857
0.5,0.15,0.35,0.9,0.797142857
0.5,0.2,0.3,0.65,0.797142857
0.5,0.2,0.3,0.7,0.797142857
0.5,0.2,0.3,0.75,0.797142857
0.5,0.2,0.3,0.8,0.797142857
0.5,0.25,0.25,0.5,0.797142857
0.5,0.25,0.25,0.65,0.797142857
0.45,0.25,0.3,0.7,0.797142857
0.45,0.25,0.3,0.75,0.797142857
0.45,0.25,0.3,0.85,0.797142857
0.45,0.3,0.25,0.5,0.797142857
0.45,0.3,0.25,0.55,0.797142857
0.45,0.3,0.25,0.6,0.797142857
0.4,0.3,0.3,0.95,0.797142857
0.35,0.35,0.3,0.95,0.797142857
0.35,0.4,0.25,0.65,0.797142857
0.3,0.4,0.3,0.65,0.797142857
0.3,0.4,0.3,0.7,0.797142857
0.3,0.4,0.3,0.75,0.797142857
0.3,0.4,0.3,0.8,0.797142857
0.3,0.45,0.25,0.65,0.797142857
0.3,0.45,0.25,0.7,0.797142857
0.25,0.45,0.3,0.95,0.797142857
0.25,0.5,0.25,0.65,0.797142857
0.25,0.5,0.25,0.7,0.797142857
0.15,0.6,0.25,0.7,0.797142857
0.15,0.6,0.25,0.75,0.797142857
0.15,0.6,0.25,0.8,0.797142857
0.15,0.6,0.25,0.85,0.797142857
0.15,0.6,0.25,0.9,0.797142857
0.1,0.65,0.25,0.6,0.797142857
0.1,0.65,0.25,0.65,0.797142857
0.1,0.65,0.25,0.7,0.797142857
0.1,0.65,0.25,0.75,0.797142857
0.1,0.65,0.25,0.8,0.797142857
0.1,0.65,0.25,0.85,0.797142857
0.05,0.7,0.25,0.5,0.797142857
0.05,0.7,0.25,0.55,0.797142857
0.05,0.7,0.25,0.6,0.797142857
0.05,0.7,0.25,0.65,0.797142857
0.05,0.7,0.25,0.7,0.797142857
0.8,0,0.2,0.55,0.795714286
0.75,0.05,0.2,0.6,0.795714286
0.7,0,0.3,0.65,0.795714286
0.65,0,0.35,0.65,0.795714286
0.65,0,0.35,0.75,0.795714286
0.65,0.05,0.3,0.7,0.795714286
0.6,0.1,0.3,0.75,0.795714286
0.6,0.15,0.25,0.6,0.795714286
0.6,0.15,0.25,0.7,0.795714286
0.55,0.05,0.4,0.85,0.795714286
0.55,0.2,0.25,0.55,0.795714286
0.55,0.2,0.25,0.6,0.795714286
0.55,0.2,0.25,0.7,0.795714286
0.5,0.05,0.45,0.9,0.795714286
0.5,0.25,0.25,0.55,0.795714286
0.5,0.25,0.25,0.6,0.795714286
0.5,0.25,0.25,0.7,0.795714286
0.45,0.25,0.3,0.95,0.795714286
0.45,0.3,0.25,0.65,0.795714286
0.45,0.3,0.25,0.7,0.795714286
0.4,0.3,0.3,0.9,0.795714286
0.35,0.4,0.25,0.7,0.795714286
0.35,0.4,0.25,0.75,0.795714286
0.2,0.55,0.25,0.7,0.795714286
0.2,0.55,0.25,0.75,0.795714286
0.85,0,0.15,0.5,0.794285714
0.8,0.05,0.15,0.5,0.794285714
0.8,0.05,0.15,0.55,0.794285714
0.75,0,0.25,0.6,0.794285714
0.75,0.05,0.2,0.55,0.794285714
0.7,0.05,0.25,0.65,0.794285714
0.7,0.1,0.2,0.55,0.794285714
0.65,0.15,0.2,0.5,0.794285714
0.6,0.15,0.25,0.65,0.794285714
0.55,0.15,0.3,0.8,0.794285714
0.55,0.2,0.25,0.65,0.794285714
0.55,0.2,0.25,0.75,0.794285714
0.55,0.25,0.2,0.5,0.794285714
0.55,0.25,0.2,0.55,0.794285714
0.5,0.15,0.35,0.95,0.794285714
0.5,0.25,0.25,0.75,0.794285714
0.5,0.25,0.25,0.8,0.794285714
0.45,0.3,0.25,0.75,0.794285714
0.45,0.3,0.25,0.8,0.794285714
0.4,0.35,0.25,0.55,0.794285714
0.4,0.35,0.25,0.6,0.794285714
0.4,0.35,0.25,0.65,0.794285714
0.4,0.35,0.25,0.7,0.794285714
0.4,0.35,0.25,0.75,0.794285714
0.3,0.45,0.25,0.75,0.794285714
0.25,0.55,0.2,0.5,0.794285714
0.2,0.55,0.25,0.8,0.794285714
0.2,0.55,0.25,0.9,0.794285714
0.05,0.7,0.25,0.75,0.794285714
0.05,0.7,0.25,0.8,0.794285714
0.7,0,0.3,0.7,0.792857143
0.65,0.15,0.2,0.65,0.792857143
0.6,0.2,0.2,0.6,0.792857143
0.55,0.1,0.35,0.9,0.792857143
0.55,0.15,0.3,0.85,0.792857143
0.5,0,0.5,0.9,0.792857143
0.5,0.1,0.4,0.95,0.792857143
0.5,0.2,0.3,0.9,0.792857143
0.35,0.4,0.25,0.8,0.792857143
0.35,0.45,0.2,0.5,0.792857143
0.3,0.45,0.25,0.8,0.792857143
0.3,0.45,0.25,0.85,0.792857143
0.3,0.5,0.2,0.5,0.792857143
0.25,0.5,0.25,0.75,0.792857143
0.25,0.5,0.25,0.8,0.792857143
0.25,0.5,0.25,0.85,0.792857143
0.2,0.55,0.25,0.85,0.792857143
0.2,0.55,0.25,0.95,0.792857143
0.15,0.6,0.25,0.95,0.792857143
0.1,0.65,0.25,0.9,0.792857143
0.1,0.65,0.25,0.95,0.792857143
0.05,0.7,0.25,0.85,0.792857143
0.75,0.1,0.15,0.5,0.791428571
0.75,0.1,0.15,0.55,0.791428571
0.7,0.1,0.2,0.6,0.791428571
0.7,0.15,0.15,0.5,0.791428571
0.7,0.15,0.15,0.55,0.791428571
0.65,0.05,0.3,0.75,0.791428571
0.65,0.1,0.25,0.7,0.791428571
0.65,0.15,0.2,0.55,0.791428571
0.65,0.15,0.2,0.6,0.791428571
0.6,0,0.4,0.8,0.791428571
0.6,0.1,0.3,0.8,0.791428571
0.6,0.2,0.2,0.5,0.791428571
0.6,0.2,0.2,0.55,0.791428571
0.55,0.25,0.2,0.6,0.791428571
0.5,0.3,0.2,0.5,0.791428571
0.4,0.35,0.25,0.8,0.791428571
0.4,0.4,0.2,0.5,0.791428571
0.35,0.4,0.25,0.85,0.791428571
0.3,0.5,0.2,0.55,0.791428571
0.3,0.5,0.2,0.6,0.791428571
0.25,0.5,0.25,0.9,0.791428571
0.25,0.55,0.2,0.55,0.791428571
0.05,0.7,0.25,0.9,0.791428571
0.05,0.7,0.25,0.95,0.791428571
0.75,0,0.25,0.65,0.79
0.65,0.1,0.25,0.75,0.79
0.6,0.15,0.25,0.75,0.79
0.6,0.2,0.2,0.65,0.79
0.5,0.2,0.3,0.95,0.79
0.45,0.3,0.25,0.85,0.79
0.45,0.35,0.2,0.5,0.79
0.4,0.4,0.2,0.55,0.79
0.35,0.4,0.25,0.9,0.79
0.3,0.45,0.25,0.9,0.79
0,0.75,0.25,0.5,0.79
0,0.75,0.25,0.55,0.79
0,0.75,0.25,0.6,0.79
0,0.75,0.25,0.65,0.79
0,0.75,0.25,0.7,0.79
0,0.75,0.25,0.75,0.79
0,0.75,0.25,0.8,0.79
0,0.75,0.25,0.85,0.79
0,0.75,0.25,0.9,0.79
0,0.75,0.25,0.95,0.79
0.75,0.1,0.15,0.6,0.788571429
0.7,0.05,0.25,0.7,0.788571429
0.6,0.15,0.25,0.8,0.788571429
0.5,0.3,0.2,0.55,0.788571429
0.4,0.35,0.25,0.85,0.788571429
0.35,0.45,0.2,0.55,0.788571429
0.3,0.5,0.2,0.65,0.788571429
0.25,0.5,0.25,0.95,0.788571429
0.8,0,0.2,0.6,0.787142857
0.75,0,0.25,0.7,0.787142857
0.75,0.05,0.2,0.65,0.787142857
0.7,0.05,0.25,0.75,0.787142857
0.7,0.1,0.2,0.65,0.787142857
0.65,0.1,0.25,0.8,0.787142857
0.65,0.15,0.2,0.7,0.787142857
0.6,0.15,0.25,0.85,0.787142857
0.6,0.2,0.2,0.7,0.787142857
0.55,0,0.45,0.85,0.787142857
0.55,0.15,0.3,0.9,0.787142857
0.55,0.2,0.25,0.8,0.787142857
0.55,0.2,0.25,0.85,0.787142857
0.55,0.25,0.2,0.65,0.787142857
0.5,0.3,0.2,0.6,0.787142857
0.45,0.35,0.2,0.55,0.787142857
0.45,0.35,0.2,0.6,0.787142857
0.4,0.4,0.2,0.6,0.787142857
0.35,0.4,0.25,0.95,0.787142857
0.35,0.45,0.2,0.6,0.787142857
0.25,0.55,0.2,0.6,0.787142857
0.85,0,0.15,0.55,0.785714286
0.7,0,0.3,0.75,0.785714286
0.7,0.1,0.2,0.7,0.785714286
0.65,0.05,0.3,0.8,0.785714286
0.65,0.2,0.15,0.5,0.785714286
0.6,0.05,0.35,0.85,0.785714286
0.6,0.1,0.3,0.85,0.785714286
0.5,0.25,0.25,0.85,0.785714286
0.4,0.4,0.2,0.65,0.785714286
0.35,0.45,0.2,0.65,0.785714286
0.35,0.45,0.2,0.7,0.785714286
0.3,0.45,0.25,0.95,0.785714286
0.2,0.6,0.2,0.5,0.785714286
0.85,0,0.15,0.6,0.784285714
0.8,0,0.2,0.65,0.784285714
0.8,0.05,0.15,0.6,0.784285714
0.75,0,0.25,0.75,0.784285714
0.75,0.05,0.2,0.7,0.784285714
0.7,0.05,0.25,0.8,0.784285714
0.7,0.1,0.2,0.75,0.784285714
0.55,0.25,0.2,0.7,0.784285714
0.5,0.05,0.45,0.95,0.784285714
0.45,0.3,0.25,0.9,0.784285714
0.45,0.35,0.2,0.65,0.784285714
0.25,0.55,0.2,0.65,0.784285714
0.8,0,0.2,0.7,0.782857143
0.8,0.05,0.15,0.65,0.782857143
0.65,0.1,0.25,0.85,0.782857143
0.65,0.15,0.2,0.75,0.782857143
0.55,0.15,0.3,0.95,0.782857143
0.5,0,0.5,0.95,0.782857143
0.5,0.25,0.25,0.9,0.782857143
0.5,0.3,0.2,0.65,0.782857143
0.4,0.35,0.25,0.9,0.782857143
0.2,0.6,0.2,0.55,0.782857143
0.85,0,0.15,0.65,0.781428571
0.75,0.05,0.2,0.75,0.781428571
0.7,0.05,0.25,0.85,0.781428571
0.65,0.2,0.15,0.55,0.781428571
0.6,0.2,0.2,0.75,0.781428571
0.6,0.25,0.15,0.5,0.781428571
0.55,0.05,0.4,0.9,0.781428571
0.55,0.2,0.25,0.9,0.781428571
0.5,0.3,0.2,0.7,0.781428571
0.4,0.4,0.2,0.7,0.781428571
0.3,0.5,0.2,0.7,0.781428571
0.75,0,0.25,0.8,0.78
0.75,0.1,0.15,0.65,0.78
0.7,0.1,0.2,0.8,0.78
0.7,0.15,0.15,0.6,0.78
0.65,0,0.35,0.8,0.78
0.6,0.1,0.3,0.9,0.78
0.6,0.25,0.15,0.55,0.78
0.55,0.3,0.15,0.5,0.78
0.5,0.25,0.25,0.95,0.78
0.45,0.3,0.25,0.95,0.78
0.4,0.35,0.25,0.95,0.78
0.4,0.4,0.2,0.75,0.78
0.8,0.05,0.15,0.7,0.778571429
0.6,0.15,0.25,0.9,0.778571429
0.55,0,0.45,0.9,0.778571429
0.5,0.35,0.15,0.5,0.778571429
0.45,0.35,0.2,0.7,0.778571429
0.35,0.45,0.2,0.75,0.778571429
0.2,0.6,0.2,0.6,0.778571429
0.8,0,0.2,0.75,0.777142857
0.65,0.1,0.25,0.9,0.777142857
0.65,0.15,0.2,0.8,0.777142857
0.65,0.2,0.15,0.6,0.777142857
0.55,0.25,0.2,0.75,0.777142857
0.15,0.65,0.2,0.5,0.777142857
0.75,0.05,0.2,0.8,0.775714286
0.6,0.15,0.25,0.95,0.775714286
0.6,0.2,0.2,0.8,0.775714286
0.55,0.2,0.25,0.95,0.775714286
0.5,0.3,0.2,0.75,0.775714286
0.45,0.35,0.2,0.75,0.775714286
0.45,0.4,0.15,0.5,0.775714286
0.15,0.65,0.2,0.55,0.775714286
0.65,0.15,0.2,0.85,0.774285714
0.6,0,0.4,0.85,0.774285714
0.55,0.3,0.15,0.55,0.774285714
0.5,0.3,0.2,0.8,0.774285714
0.5,0.35,0.15,0.55,0.774285714
0.25,0.55,0.2,0.7,0.774285714
0.25,0.55,0.2,0.75,0.774285714
0.15,0.65,0.2,0.6,0.774285714
0.15,0.65,0.2,0.65,0.774285714
0.75,0.1,0.15,0.7,0.772857143
0.7,0.15,0.15,0.65,0.772857143
0.6,0.25,0.15,0.6,0.772857143
0.55,0.1,0.35,0.95,0.772857143
0.55,0.25,0.2,0.8,0.772857143
0.25,0.55,0.2,0.8,0.772857143
0.2,0.6,0.2,0.65,0.772857143
0.2,0.6,0.2,0.7,0.772857143
0.2,0.6,0.2,0.75,0.772857143
0.85,0,0.15,0.7,0.771428571
0.65,0.05,0.3,0.85,0.771428571
0.6,0.2,0.2,0.85,0.771428571
0.45,0.35,0.2,0.8,0.771428571
0.15,0.65,0.2,0.7,0.771428571
0.1,0.7,0.2,0.5,0.771428571
0.1,0.7,0.2,0.55,0.771428571
0.7,0,0.3,0.8,0.77
0.7,0.1,0.2,0.85,0.77
0.65,0.15,0.2,0.9,0.77
0.55,0.25,0.2,0.85,0.77
0.4,0.45,0.15,0.5,0.77
0.3,0.5,0.2,0.75,0.77
0.2,0.6,0.2,0.85,0.77
0.2,0.6,0.2,0.9,0.77
0.2,0.6,0.2,0.95,0.77
0.1,0.7,0.2,0.75,0.77
0.1,0.7,0.2,0.8,0.77
0.1,0.7,0.2,0.85,0.77
0.1,0.7,0.2,0.9,0.77
0.1,0.7,0.2,0.95,0.77
0.8,0.05,0.15,0.75,0.768571429
0.65,0.2,0.15,0.65,0.768571429
0.4,0.4,0.2,0.8,0.768571429
0.35,0.45,0.2,0.8,0.768571429
0.25,0.55,0.2,0.85,0.768571429
0.2,0.6,0.2,0.8,0.768571429
0.15,0.65,0.2,0.75,0.768571429
0.15,0.65,0.2,0.8,0.768571429
0.15,0.65,0.2,0.85,0.768571429
0.15,0.65,0.2,0.9,0.768571429
0.15,0.65,0.2,0.95,0.768571429
0.1,0.7,0.2,0.6,0.768571429
0.1,0.7,0.2,0.65,0.768571429
0.1,0.7,0.2,0.7,0.768571429
0.05,0.75,0.2,0.5,0.768571429
0.05,0.75,0.2,0.55,0.768571429
0.05,0.75,0.2,0.6,0.768571429
0.05,0.75,0.2,0.65,0.768571429
0.05,0.75,0.2,0.7,0.768571429
0.05,0.75,0.2,0.75,0.768571429
0.05,0.75,0.2,0.8,0.768571429
0.05,0.75,0.2,0.85,0.768571429
0.05,0.75,0.2,0.9,0.768571429
0.05,0.75,0.2,0.95,0.768571429
0.65,0.1,0.25,0.95,0.767142857
0.35,0.5,0.15,0.5,0.767142857
0.3,0.5,0.2,0.8,0.767142857
0.3,0.5,0.2,0.85,0.767142857
0.25,0.55,0.2,0.9,0.767142857
0.25,0.55,0.2,0.95,0.767142857
0.75,0.1,0.15,0.75,0.765714286
0.45,0.4,0.15,0.55,0.765714286
0.4,0.45,0.15,0.55,0.765714286
0.35,0.45,0.2,0.85,0.765714286
0.7,0.05,0.25,0.9,0.764285714
0.7,0.15,0.15,0.7,0.764285714
0.55,0.3,0.15,0.6,0.764285714
0.5,0.3,0.2,0.85,0.764285714
0.4,0.4,0.2,0.85,0.764285714
0.35,0.45,0.2,0.9,0.764285714
0.3,0.5,0.2,0.9,0.764285714
0.3,0.5,0.2,0.95,0.764285714
0,0.8,0.2,0.5,0.764285714
0,0.8,0.2,0.55,0.764285714
0,0.8,0.2,0.6,0.764285714
0,0.8,0.2,0.65,0.764285714
0,0.8,0.2,0.7,0.764285714
0,0.8,0.2,0.75,0.764285714
0,0.8,0.2,0.8,0.764285714
0,0.8,0.2,0.85,0.764285714
0,0.8,0.2,0.9,0.764285714
0,0.8,0.2,0.95,0.764285714
0.75,0,0.25,0.85,0.762857143
0.6,0.25,0.15,0.65,0.762857143
0.85,0,0.15,0.75,0.761428571
0.45,0.35,0.2,0.85,0.761428571
0.3,0.55,0.15,0.5,0.761428571
0.3,0.55,0.15,0.55,0.761428571
0.75,0.05,0.2,0.85,0.76
0.5,0.35,0.15,0.6,0.76
0.8,0,0.2,0.8,0.758571429
0.7,0.1,0.2,0.9,0.758571429
0.6,0.2,0.2,0.9,0.758571429
0.55,0.05,0.4,0.95,0.758571429
0.35,0.45,0.2,0.95,0.758571429
0.35,0.5,0.15,0.55,0.758571429
0.35,0.5,0.15,0.6,0.758571429
0.3,0.55,0.15,0.6,0.758571429
0.25,0.6,0.15,0.5,0.758571429
0.8,0,0.2,0.85,0.757142857
0.65,0.2,0.15,0.7,0.757142857
0.6,0.05,0.35,0.9,0.757142857
0.55,0,0.45,0.95,0.757142857
0.55,0.3,0.15,0.65,0.757142857
0.5,0.3,0.2,0.9,0.757142857
0.45,0.4,0.15,0.6,0.757142857
0.4,0.4,0.2,0.9,0.757142857
0.3,0.55,0.15,0.65,0.757142857
0.25,0.6,0.15,0.55,0.757142857
0.25,0.6,0.15,0.6,0.757142857
0.8,0,0.2,0.9,0.755714286
0.75,0.05,0.2,0.9,0.755714286
0.55,0.25,0.2,0.9,0.755714286
0.75,0.05,0.2,0.95,0.754285714
0.7,0.15,0.15,0.75,0.754285714
0.65,0,0.35,0.85,0.754285714
0.6,0,0.4,0.9,0.754285714
0.45,0.35,0.2,0.9,0.754285714
0.4,0.4,0.2,0.95,0.754285714
0.4,0.45,0.15,0.6,0.754285714
0.35,0.5,0.15,0.65,0.754285714
0.2,0.65,0.15,0.5,0.754285714
0.2,0.65,0.15,0.55,0.754285714
0.2,0.65,0.15,0.6,0.754285714
0.15,0.7,0.15,0.5,0.754285714
0.15,0.7,0.15,0.55,0.754285714
0.85,0,0.15,0.8,0.752857143
0.6,0.1,0.3,0.95,0.752857143
0.6,0.2,0.2,0.95,0.752857143
0.45,0.4,0.15,0.65,0.752857143
0.25,0.6,0.15,0.7,0.752857143
0.25,0.6,0.15,0.75,0.752857143
0.25,0.6,0.15,0.85,0.752857143
0.8,0.05,0.15,0.8,0.751428571
0.7,0,0.3,0.85,0.751428571
0.65,0.15,0.2,0.95,0.751428571
0.6,0.25,0.15,0.7,0.751428571
0.5,0.35,0.15,0.65,0.751428571
0.35,0.5,0.15,0.7,0.751428571
0.3,0.55,0.15,0.75,0.751428571
0.3,0.55,0.15,0.8,0.751428571
0.3,0.55,0.15,0.85,0.751428571
0.25,0.6,0.15,0.65,0.751428571
0.25,0.6,0.15,0.8,0.751428571
0.2,0.65,0.15,0.65,0.751428571
0.15,0.7,0.15,0.6,0.751428571
0.1,0.75,0.15,0.5,0.751428571
0.7,0.1,0.2,0.95,0.75
0.65,0.05,0.3,0.9,0.75
0.45,0.35,0.2,0.95,0.75
0.3,0.55,0.15,0.7,0.75
0.2,0.65,0.15,0.7,0.75
0.2,0.65,0.15,0.75,0.75
0.2,0.65,0.15,0.8,0.75
0.15,0.7,0.15,0.65,0.75
0.15,0.7,0.15,0.7,0.75
0.1,0.75,0.15,0.55,0.75
0.1,0.75,0.15,0.6,0.75
0.8,0.05,0.15,0.85,0.748571429
0.6,0.05,0.35,0.95,0.748571429
0.55,0.25,0.2,0.95,0.748571429
0.55,0.3,0.15,0.7,0.748571429
0.5,0.3,0.2,0.95,0.748571429
0.45,0.4,0.15,0.7,0.748571429
0.4,0.45,0.15,0.65,0.748571429
0.15,0.7,0.15,0.75,0.748571429
0.85,0,0.15,0.9,0.747142857
0.65,0.2,0.15,0.75,0.747142857
0.25,0.6,0.15,0.9,0.747142857
0.2,0.65,0.15,0.85,0.747142857
0.2,0.65,0.15,0.9,0.747142857
0.15,0.7,0.15,0.8,0.747142857
0.05,0.8,0.15,0.5,0.747142857
0.05,0.8,0.15,0.55,0.747142857
0.05,0.8,0.15,0.6,0.747142857
0.05,0.8,0.15,0.65,0.747142857
0.05,0.8,0.15,0.7,0.747142857
0.85,0,0.15,0.85,0.745714286
0.8,0,0.2,0.95,0.745714286
0.75,0.1,0.15,0.8,0.745714286
0.65,0,0.35,0.9,0.745714286
0.5,0.35,0.15,0.7,0.745714286
0.4,0.45,0.15,0.7,0.745714286
0.4,0.45,0.15,0.75,0.745714286
0.35,0.5,0.15,0.75,0.745714286
0.25,0.6,0.15,0.95,0.745714286
0.2,0.65,0.15,0.95,0.745714286
0.15,0.7,0.15,0.85,0.745714286
0.1,0.75,0.15,0.65,0.745714286
0,0.85,0.15,0.5,0.745714286
0,0.85,0.15,0.55,0.745714286
0,0.85,0.15,0.6,0.745714286
0,0.85,0.15,0.65,0.745714286
0,0.85,0.15,0.7,0.745714286
0,0.85,0.15,0.75,0.745714286
0,0.85,0.15,0.8,0.745714286
0,0.85,0.15,0.85,0.745714286
0,0.85,0.15,0.9,0.745714286
0,0.85,0.15,0.95,0.745714286
0.6,0,0.4,0.95,0.744285714
0.6,0.25,0.15,0.75,0.744285714
0.5,0.35,0.15,0.75,0.744285714
0.45,0.4,0.15,0.75,0.744285714
0.3,0.55,0.15,0.9,0.744285714
0.15,0.7,0.15,0.9,0.744285714
0.15,0.7,0.15,0.95,0.744285714
0.1,0.75,0.15,0.7,0.744285714
0.1,0.75,0.15,0.75,0.744285714
0.1,0.75,0.15,0.8,0.744285714
0.1,0.75,0.15,0.85,0.744285714
0.1,0.75,0.15,0.9,0.744285714
0.1,0.75,0.15,0.95,0.744285714
0.05,0.8,0.15,0.75,0.744285714
0.05,0.8,0.15,0.8,0.744285714
0.05,0.8,0.15,0.85,0.744285714
0.05,0.8,0.15,0.9,0.744285714
0.05,0.8,0.15,0.95,0.744285714
0.9,0,0.1,0.95,0.742857143
0.8,0.05,0.15,0.95,0.742857143
0.7,0.05,0.25,0.95,0.742857143
0.7,0.15,0.15,0.8,0.742857143
0.65,0,0.35,0.95,0.742857143
0.65,0.2,0.15,0.8,0.742857143
0.6,0.25,0.15,0.8,0.742857143
0.55,0.3,0.15,0.75,0.742857143
0.85,0,0.15,0.95,0.741428571
0.7,0,0.3,0.9,0.741428571
0.4,0.45,0.15,0.8,0.741428571
0.35,0.5,0.15,0.8,0.741428571
0.85,0.05,0.1,0.5,0.74
0.8,0.05,0.15,0.9,0.74
0.9,0,0.1,0.85,0.738571429
0.9,0,0.1,0.9,0.738571429
0.65,0.05,0.3,0.95,0.738571429
0.65,0.2,0.15,0.85,0.738571429
0.55,0.3,0.15,0.8,0.738571429
0.45,0.4,0.15,0.8,0.738571429
0.4,0.45,0.15,0.85,0.738571429
0.35,0.5,0.15,0.85,0.738571429
0.35,0.5,0.15,0.9,0.738571429
0.5,0.35,0.15,0.8,0.737142857
0.45,0.5,0.05,0.5,0.737142857
0.45,0.55,0,0.5,0.737142857
0.4,0.5,0.1,0.5,0.737142857
0.4,0.55,0.05,0.5,0.737142857
0.4,0.55,0.05,0.55,0.737142857
0.4,0.6,0,0.5,0.737142857
0.35,0.55,0.1,0.5,0.737142857
0.35,0.55,0.1,0.55,0.737142857
0.35,0.55,0.1,0.6,0.737142857
0.35,0.6,0.05,0.5,0.737142857
0.35,0.6,0.05,0.55,0.737142857
0.35,0.65,0,0.5,0.737142857
0.3,0.6,0.1,0.5,0.737142857
0.3,0.6,0.1,0.55,0.737142857
0.3,0.6,0.1,0.6,0.737142857
0.3,0.65,0.05,0.5,0.737142857
0.3,0.65,0.05,0.55,0.737142857
0.25,0.65,0.1,0.5,0.737142857
0.25,0.65,0.1,0.55,0.737142857
0.2,0.7,0.1,0.5,0.737142857
0.75,0,0.25,0.9,0.735714286
0.7,0,0.3,0.95,0.735714286
0.6,0.25,0.15,0.85,0.735714286
0.4,0.5,0.1,0.55,0.735714286
0.35,0.55,0.1,0.65,0.735714286
0.3,0.55,0.15,0.95,0.735714286
0.3,0.6,0.1,0.65,0.735714286
0.8,0.1,0.1,0.5,0.734285714
0.7,0.15,0.15,0.85,0.734285714
0.5,0.5,0,0.5,0.734285714
0.45,0.5,0.05,0.55,0.734285714
0.4,0.5,0.1,0.6,0.734285714
0.25,0.65,0.1,0.6,0.734285714
0.25,0.7,0.05,0.5,0.734285714
0.2,0.7,0.1,0.55,0.734285714
0.7,0.15,0.15,0.9,0.732857143
0.45,0.4,0.15,0.9,0.732857143
0.25,0.65,0.1,0.65,0.732857143
0.25,0.7,0.05,0.55,0.732857143
0.2,0.7,0.1,0.6,0.732857143
0.2,0.7,0.1,0.65,0.732857143
0.2,0.75,0.05,0.5,0.732857143
0.15,0.75,0.1,0.5,0.732857143
0.15,0.75,0.1,0.65,0.732857143
0.95,0,0.05,0.95,0.731428571
0.75,0.1,0.15,0.85,0.731428571
0.45,0.4,0.15,0.85,0.731428571
0.4,0.45,0.15,0.9,0.731428571
0.15,0.75,0.1,0.55,0.731428571
0.15,0.75,0.1,0.6,0.731428571
0.1,0.8,0.1,0.5,0.731428571
0.1,0.8,0.1,0.55,0.731428571
0.65,0.2,0.15,0.9,0.73
0.55,0.3,0.15,0.85,0.73
0.45,0.55,0,0.55,0.73
0.4,0.55,0.05,0.6,0.73
0.4,0.6,0,0.55,0.73
0.35,0.5,0.15,0.95,0.73
0.35,0.55,0.1,0.7,0.73
0.35,0.6,0.05,0.6,0.73
0.1,0.8,0.1,0.6,0.73
0,0.9,0.1,0.5,0.73
0,0.9,0.1,0.55,0.73
0,0.9,0.1,0.6,0.73
0,0.9,0.1,0.65,0.73
0,0.9,0.1,0.7,0.73
0,0.9,0.1,0.75,0.73
0,0.9,0.1,0.8,0.73
0,0.9,0.1,0.85,0.73
0,0.9,0.1,0.9,0.73
0,0.9,0.1,0.95,0.73
0.75,0,0.25,0.95,0.728571429
0.5,0.35,0.15,0.85,0.728571429
0.5,0.35,0.15,0.9,0.728571429
0.5,0.45,0.05,0.55,0.728571429
0.45,0.45,0.1,0.5,0.728571429
0.4,0.55,0.05,0.65,0.728571429
0.3,0.6,0.1,0.7,0.728571429
0.3,0.7,0,0.5,0.728571429
0.25,0.65,0.1,0.7,0.728571429
0.25,0.7,0.05,0.6,0.728571429
0.2,0.7,0.1,0.7,0.728571429
0.2,0.75,0.05,0.55,0.728571429
0.15,0.75,0.1,0.7,0.728571429
0.15,0.8,0.05,0.5,0.728571429
0.1,0.8,0.1,0.65,0.728571429
0.1,0.8,0.1,0.7,0.728571429
0.05,0.85,0.1,0.5,0.728571429
0.05,0.85,0.1,0.55,0.728571429
0.05,0.85,0.1,0.6,0.728571429
0.05,0.85,0.1,0.65,0.728571429
0.05,0.85,0.1,0.7,0.728571429
0.05,0.85,0.1,0.75,0.728571429
0.05,0.85,0.1,0.8,0.728571429
0.75,0.1,0.15,0.9,0.727142857
0.6,0.25,0.15,0.9,0.727142857
0.55,0.45,0,0.5,0.727142857
0.5,0.45,0.05,0.5,0.727142857
0.45,0.45,0.1,0.55,0.727142857
0.45,0.45,0.1,0.6,0.727142857
0.45,0.55,0,0.6,0.727142857
0.35,0.65,0,0.55,0.727142857
0.3,0.65,0.05,0.6,0.727142857
0.25,0.75,0,0.5,0.727142857
0.2,0.7,0.1,0.75,0.727142857
0.2,0.7,0.1,0.8,0.727142857
0.2,0.75,0.05,0.6,0.727142857
0.15,0.75,0.1,0.75,0.727142857
0.15,0.75,0.1,0.8,0.727142857
0.15,0.85,0,0.85,0.727142857
0.05,0.85,0.1,0.9,0.727142857
0.05,0.85,0.1,0.95,0.727142857
0.75,0.1,0.15,0.95,0.725714286
0.5,0.4,0.1,0.5,0.725714286
0.4,0.6,0,0.6,0.725714286
0.35,0.6,0.05,0.65,0.725714286
0.35,0.6,0.05,0.7,0.725714286
0.35,0.65,0,0.6,0.725714286
0.35,0.65,0,0.65,0.725714286
0.35,0.65,0,0.75,0.725714286
0.3,0.6,0.1,0.75,0.725714286
0.3,0.6,0.1,0.8,0.725714286
0.3,0.65,0.05,0.65,0.725714286
0.3,0.65,0.05,0.7,0.725714286
0.3,0.65,0.05,0.75,0.725714286
0.3,0.7,0,0.55,0.725714286
0.3,0.7,0,0.6,0.725714286
0.3,0.7,0,0.75,0.725714286
0.25,0.65,0.1,0.75,0.725714286
0.25,0.65,0.1,0.8,0.725714286
0.25,0.65,0.1,0.85,0.725714286
0.25,0.65,0.1,0.9,0.725714286
0.25,0.7,0.05,0.65,0.725714286
0.25,0.7,0.05,0.7,0.725714286
0.25,0.7,0.05,0.75,0.725714286
0.25,0.75,0,0.55,0.725714286
0.2,0.7,0.1,0.85,0.725714286
0.2,0.7,0.1,0.9,0.725714286
0.2,0.75,0.05,0.65,0.725714286
0.2,0.75,0.05,0.7,0.725714286
0.15,0.75,0.1,0.85,0.725714286
0.15,0.75,0.1,0.9,0.725714286
0.15,0.75,0.1,0.95,0.725714286
0.15,0.85,0,0.5,0.725714286
0.15,0.85,0,0.55,0.725714286
0.15,0.85,0,0.6,0.725714286
0.15,0.85,0,0.65,0.725714286
0.15,0.85,0,0.7,0.725714286
0.15,0.85,0,0.75,0.725714286
0.15,0.85,0,0.8,0.725714286
0.15,0.85,0,0.9,0.725714286
0.1,0.85,0.05,0.6,0.725714286
0.1,0.85,0.05,0.65,0.725714286
0.1,0.85,0.05,0.7,0.725714286
0.1,0.85,0.05,0.75,0.725714286
0.1,0.85,0.05,0.8,0.725714286
0.05,0.95,0,0.5,0.725714286
0.05,0.95,0,0.55,0.725714286
0.05,0.95,0,0.6,0.725714286
0.05,0.95,0,0.65,0.725714286
0.05,0.95,0,0.7,0.725714286
0.05,0.95,0,0.75,0.725714286
0.05,0.95,0,0.8,0.725714286
0,1,0,0.5,0.725714286
0,1,0,0.55,0.725714286
0,1,0,0.6,0.725714286
0,1,0,0.65,0.725714286
0,1,0,0.7,0.725714286
0,1,0,0.75,0.725714286
0,1,0,0.8,0.725714286
0,1,0,0.85,0.725714286
0,1,0,0.9,0.725714286
0,1,0,0.95,0.725714286
0.85,0.05,0.1,0.9,0.724285714
0.6,0.4,0,0.5,0.724285714
0.55,0.3,0.15,0.9,0.724285714
0.55,0.35,0.1,0.5,0.724285714
0.55,0.4,0.05,0.5,0.724285714
0.5,0.4,0.1,0.55,0.724285714
0.4,0.45,0.15,0.95,0.724285714
0.4,0.6,0,0.65,0.724285714
0.4,0.6,0,0.7,0.724285714
0.4,0.6,0,0.75,0.724285714
0.35,0.55,0.1,0.75,0.724285714
0.35,0.6,0.05,0.75,0.724285714
0.35,0.6,0.05,0.85,0.724285714
0.35,0.65,0,0.7,0.724285714
0.35,0.65,0,0.8,0.724285714
0.3,0.6,0.1,0.85,0.724285714
0.3,0.6,0.1,0.9,0.724285714
0.3,0.65,0.05,0.8,0.724285714
0.3,0.65,0.05,0.85,0.724285714
0.3,0.65,0.05,0.9,0.724285714
0.3,0.7,0,0.65,0.724285714
0.3,0.7,0,0.7,0.724285714
0.3,0.7,0,0.8,0.724285714
0.3,0.7,0,0.85,0.724285714
0.25,0.65,0.1,0.95,0.724285714
0.25,0.7,0.05,0.8,0.724285714
0.25,0.7,0.05,0.85,0.724285714
0.25,0.7,0.05,0.9,0.724285714
0.25,0.7,0.05,0.95,0.724285714
0.25,0.75,0,0.6,0.724285714
0.25,0.75,0,0.65,0.724285714
0.25,0.75,0,0.75,0.724285714
0.25,0.75,0,0.8,0.724285714
0.25,0.75,0,0.85,0.724285714
0.2,0.7,0.1,0.95,0.724285714
0.2,0.75,0.05,0.75,0.724285714
0.2,0.75,0.05,0.8,0.724285714
0.2,0.75,0.05,0.95,0.724285714
0.2,0.8,0,0.5,0.724285714
0.2,0.8,0,0.55,0.724285714
0.2,0.8,0,0.6,0.724285714
0.2,0.8,0,0.65,0.724285714
0.2,0.8,0,0.7,0.724285714
0.2,0.8,0,0.75,0.724285714
0.2,0.8,0,0.8,0.724285714
0.15,0.8,0.05,0.55,0.724285714
0.15,0.8,0.05,0.6,0.724285714
0.15,0.8,0.05,0.65,0.724285714
0.15,0.8,0.05,0.7,0.724285714
0.15,0.8,0.05,0.75,0.724285714
0.15,0.8,0.05,0.8,0.724285714
0.15,0.8,0.05,0.85,0.724285714
0.15,0.8,0.05,0.9,0.724285714
0.15,0.8,0.05,0.95,0.724285714
0.15,0.85,0,0.95,0.724285714
0.1,0.8,0.1,0.75,0.724285714
0.1,0.8,0.1,0.8,0.724285714
0.1,0.8,0.1,0.85,0.724285714
0.1,0.8,0.1,0.9,0.724285714
0.1,0.8,0.1,0.95,0.724285714
0.1,0.85,0.05,0.5,0.724285714
0.1,0.85,0.05,0.55,0.724285714
0.1,0.85,0.05,0.85,0.724285714
0.1,0.85,0.05,0.9,0.724285714
0.1,0.85,0.05,0.95,0.724285714
0.1,0.9,0,0.5,0.724285714
0.1,0.9,0,0.65,0.724285714
0.1,0.9,0,0.7,0.724285714
0.1,0.9,0,0.75,0.724285714
0.1,0.9,0,0.8,0.724285714
0.1,0.9,0,0.85,0.724285714
0.05,0.85,0.1,0.85,0.724285714
0.05,0.9,0.05,0.5,0.724285714
0.05,0.9,0.05,0.55,0.724285714
0.05,0.9,0.05,0.6,0.724285714
0.05,0.9,0.05,0.65,0.724285714
0.05,0.9,0.05,0.7,0.724285714
0.05,0.9,0.05,0.75,0.724285714
0.05,0.9,0.05,0.8,0.724285714
0.05,0.9,0.05,0.85,0.724285714
0.05,0.9,0.05,0.9,0.724285714
0.05,0.95,0,0.85,0.724285714
0.05,0.95,0,0.9,0.724285714
0.05,0.95,0,0.95,0.724285714
0,0.95,0.05,0.5,0.724285714
0,0.95,0.05,0.55,0.724285714
0,0.95,0.05,0.6,0.724285714
0,0.95,0.05,0.65,0.724285714
0,0.95,0.05,0.7,0.724285714
0,0.95,0.05,0.75,0.724285714
0,0.95,0.05,0.8,0.724285714
0,0.95,0.05,0.85,0.724285714
0,0.95,0.05,0.9,0.724285714
0,0.95,0.05,0.95,0.724285714
0.85,0.05,0.1,0.95,0.722857143
0.7,0.15,0.15,0.95,0.722857143
0.65,0.2,0.15,0.95,0.722857143
0.65,0.35,0,0.5,0.722857143
0.6,0.35,0.05,0.5,0.722857143
0.55,0.3,0.15,0.95,0.722857143
0.55,0.35,0.1,0.55,0.722857143
0.55,0.4,0.05,0.55,0.722857143
0.5,0.35,0.15,0.95,0.722857143
0.4,0.5,0.1,0.65,0.722857143
0.4,0.55,0.05,0.7,0.722857143
0.35,0.6,0.05,0.8,0.722857143
0.35,0.65,0,0.85,0.722857143
0.35,0.65,0,0.9,0.722857143
0.3,0.6,0.1,0.95,0.722857143
0.3,0.65,0.05,0.95,0.722857143
0.25,0.75,0,0.7,0.722857143
0.2,0.75,0.05,0.85,0.722857143
0.2,0.75,0.05,0.9,0.722857143
0.2,0.8,0,0.85,0.722857143
0.1,0.9,0,0.55,0.722857143
0.1,0.9,0,0.6,0.722857143
0.1,0.9,0,0.9,0.722857143
0.1,0.9,0,0.95,0.722857143
0.05,0.9,0.05,0.95,0.722857143
0.75,0.15,0.1,0.5,0.721428571
0.65,0.3,0.05,0.55,0.721428571
0.6,0.3,0.1,0.55,0.721428571
0.6,0.35,0.05,0.55,0.721428571
0.5,0.4,0.1,0.6,0.721428571
0.5,0.5,0,0.55,0.721428571
0.45,0.4,0.15,0.95,0.721428571
0.45,0.5,0.05,0.6,0.721428571
0.45,0.55,0,0.65,0.721428571
0.35,0.65,0,0.95,0.721428571
0.3,0.7,0,0.9,0.721428571
0.25,0.75,0,0.9,0.721428571
0.25,0.75,0,0.95,0.721428571
0.2,0.8,0,0.9,0.721428571
0.2,0.8,0,0.95,0.721428571
0.7,0.3,0,0.5,0.72
0.65,0.25,0.1,0.55,0.72
0.6,0.3,0.1,0.6,0.72
0.4,0.5,0.1,0.7,0.72
0.3,0.7,0,0.95,0.72
0.75,0.2,0.05,0.5,0.718571429
0.7,0.2,0.1,0.5,0.718571429
0.65,0.3,0.05,0.5,0.718571429
0.6,0.3,0.1,0.5,0.718571429
0.6,0.4,0,0.55,0.718571429
0.55,0.45,0,0.55,0.718571429
0.5,0.4,0.1,0.65,0.718571429
0.5,0.5,0,0.6,0.718571429
0.45,0.45,0.1,0.65,0.718571429
0.45,0.5,0.05,0.65,0.718571429
0.4,0.6,0,0.8,0.718571429
0.35,0.55,0.1,0.8,0.718571429
0.35,0.6,0.05,0.9,0.718571429
0.8,0.15,0.05,0.5,0.717142857
0.8,0.2,0,0.5,0.717142857
0.7,0.2,0.1,0.6,0.717142857
0.7,0.25,0.05,0.5,0.717142857
0.65,0.25,0.1,0.5,0.717142857
0.65,0.25,0.1,0.6,0.717142857
0.55,0.4,0.05,0.6,0.717142857
0.5,0.45,0.05,0.6,0.717142857
1,0,0,0.7,0.715714286
0.85,0.15,0,0.5,0.715714286
0.75,0.25,0,0.5,0.715714286
0.75,0.25,0,0.55,0.715714286
0.7,0.25,0.05,0.55,0.715714286
0.6,0.25,0.15,0.95,0.715714286
0.55,0.35,0.1,0.6,0.715714286
0.55,0.45,0,0.65,0.715714286
0.5,0.45,0.05,0.7,0.715714286
0.5,0.5,0,0.65,0.715714286
0.5,0.5,0,0.7,0.715714286
0.5,0.5,0,0.75,0.715714286
0.5,0.5,0,0.8,0.715714286
0.45,0.45,0.1,0.7,0.715714286
0.45,0.45,0.1,0.75,0.715714286
0.45,0.5,0.05,0.7,0.715714286
0.45,0.5,0.05,0.75,0.715714286
0.45,0.5,0.05,0.85,0.715714286
0.4,0.5,0.1,0.9,0.715714286
0.4,0.5,0.1,0.95,0.715714286
0.4,0.55,0.05,0.75,0.715714286
0.4,0.55,0.05,0.95,0.715714286
0.4,0.6,0,0.85,0.715714286
0.35,0.55,0.1,0.85,0.715714286
0.35,0.6,0.05,0.95,0.715714286
0.8,0.15,0.05,0.55,0.714285714
0.8,0.2,0,0.55,0.714285714
0.75,0.2,0.05,0.55,0.714285714
0.7,0.2,0.1,0.55,0.714285714
0.65,0.35,0,0.55,0.714285714
0.6,0.4,0,0.6,0.714285714
0.6,0.4,0,0.65,0.714285714
0.55,0.4,0.05,0.65,0.714285714
0.55,0.4,0.05,0.7,0.714285714
0.55,0.45,0,0.6,0.714285714
0.55,0.45,0,0.75,0.714285714
0.5,0.4,0.1,0.7,0.714285714
0.5,0.45,0.05,0.65,0.714285714
0.5,0.45,0.05,0.8,0.714285714
0.5,0.5,0,0.9,0.714285714
0.45,0.5,0.05,0.8,0.714285714
0.45,0.5,0.05,0.9,0.714285714
0.45,0.55,0,0.8,0.714285714
0.45,0.55,0,0.85,0.714285714
0.4,0.5,0.1,0.75,0.714285714
0.4,0.55,0.05,0.9,0.714285714
0.4,0.6,0,0.9,0.714285714
1,0,0,0.5,0.712857143
0.9,0,0.1,0.5,0.712857143
0.75,0.15,0.1,0.55,0.712857143
0.7,0.3,0,0.55,0.712857143
0.65,0.3,0.05,0.6,0.712857143
0.6,0.35,0.05,0.6,0.712857143
0.55,0.45,0,0.8,0.712857143
0.5,0.45,0.05,0.85,0.712857143
0.5,0.45,0.05,0.9,0.712857143
0.5,0.5,0,0.85,0.712857143
0.45,0.45,0.1,0.8,0.712857143
0.45,0.45,0.1,0.85,0.712857143
0.45,0.45,0.1,0.9,0.712857143
0.45,0.45,0.1,0.95,0.712857143
0.45,0.5,0.05,0.95,0.712857143
0.45,0.55,0,0.75,0.712857143
0.4,0.5,0.1,0.8,0.712857143
0.4,0.5,0.1,0.85,0.712857143
0.4,0.55,0.05,0.85,0.712857143
0.35,0.55,0.1,0.9,0.712857143
0.35,0.55,0.1,0.95,0.712857143
1,0,0,0.75,0.711428571
1,0,0,0.8,0.711428571
0.9,0.1,0,0.5,0.711428571
0.9,0.1,0,0.65,0.711428571
0.85,0.1,0.05,0.5,0.711428571
0.8,0.2,0,0.6,0.711428571
0.75,0.2,0.05,0.6,0.711428571
0.7,0.2,0.1,0.65,0.711428571
0.7,0.3,0,0.6,0.711428571
0.65,0.25,0.1,0.7,0.711428571
0.65,0.35,0,0.6,0.711428571
0.65,0.35,0,0.65,0.711428571
0.6,0.3,0.1,0.65,0.711428571
0.6,0.35,0.05,0.65,0.711428571
0.6,0.35,0.05,0.7,0.711428571
0.6,0.4,0,0.75,0.711428571
0.55,0.35,0.1,0.65,0.711428571
0.55,0.35,0.1,0.7,0.711428571
0.55,0.4,0.05,0.8,0.711428571
0.55,0.45,0,0.7,0.711428571
0.55,0.45,0,0.85,0.711428571
0.5,0.4,0.1,0.85,0.711428571
0.5,0.45,0.05,0.75,0.711428571
0.45,0.55,0,0.7,0.711428571
0.45,0.55,0,0.9,0.711428571
0.4,0.55,0.05,0.8,0.711428571
0.4,0.6,0,0.95,0.711428571
0.9,0.1,0,0.55,0.71
0.9,0.1,0,0.7,0.71
0.85,0.1,0.05,0.55,0.71
0.85,0.1,0.05,0.65,0.71
0.85,0.15,0,0.55,0.71
0.85,0.15,0,0.6,0.71
0.8,0.1,0.1,0.55,0.71
0.8,0.15,0.05,0.6,0.71
0.8,0.15,0.05,0.65,0.71
0.75,0.15,0.1,0.6,0.71
0.75,0.15,0.1,0.65,0.71
0.75,0.2,0.05,0.65,0.71
0.75,0.25,0,0.6,0.71
0.75,0.25,0,0.65,0.71
0.7,0.25,0.05,0.6,0.71
0.7,0.25,0.05,0.65,0.71
0.65,0.25,0.1,0.65,0.71
0.65,0.3,0.05,0.65,0.71
0.65,0.3,0.05,0.95,0.71
0.65,0.35,0,0.9,0.71
0.65,0.35,0,0.95,0.71
0.6,0.3,0.1,0.7,0.71
0.6,0.4,0,0.7,0.71
0.6,0.4,0,0.9,0.71
0.55,0.4,0.05,0.75,0.71
0.55,0.45,0,0.95,0.71
0.5,0.4,0.1,0.75,0.71
0.5,0.4,0.1,0.8,0.71
0.5,0.4,0.1,0.9,0.71
0.5,0.5,0,0.95,0.71
0.45,0.55,0,0.95,0.71
1,0,0,0.6,0.708571429
1,0,0,0.9,0.708571429
0.9,0,0.1,0.8,0.708571429
0.9,0.1,0,0.6,0.708571429
0.9,0.1,0,0.75,0.708571429
0.85,0.1,0.05,0.6,0.708571429
0.85,0.1,0.05,0.7,0.708571429
0.8,0.2,0,0.65,0.708571429
0.8,0.2,0,0.75,0.708571429
0.75,0.2,0.05,0.8,0.708571429
0.7,0.3,0,0.65,0.708571429
0.7,0.3,0,0.85,0.708571429
0.7,0.3,0,0.95,0.708571429
0.65,0.3,0.05,0.7,0.708571429
0.65,0.35,0,0.7,0.708571429
0.65,0.35,0,0.75,0.708571429
0.6,0.35,0.05,0.75,0.708571429
0.6,0.35,0.05,0.8,0.708571429
0.6,0.35,0.05,0.95,0.708571429
0.6,0.4,0,0.8,0.708571429
0.6,0.4,0,0.85,0.708571429
0.6,0.4,0,0.95,0.708571429
0.55,0.35,0.1,0.75,0.708571429
0.55,0.35,0.1,0.85,0.708571429
0.55,0.35,0.1,0.9,0.708571429
0.55,0.4,0.05,0.85,0.708571429
0.55,0.4,0.05,0.9,0.708571429
0.5,0.4,0.1,0.95,0.708571429
0.95,0.05,0,0.75,0.707142857
0.95,0.05,0,0.85,0.707142857
0.85,0.15,0,0.65,0.707142857
0.85,0.15,0,0.7,0.707142857
0.85,0.15,0,0.75,0.707142857
0.8,0.1,0.1,0.6,0.707142857
0.8,0.15,0.05,0.75,0.707142857
0.8,0.2,0,0.7,0.707142857
0.8,0.2,0,0.8,0.707142857
0.75,0.15,0.1,0.7,0.707142857
0.75,0.2,0.05,0.7,0.707142857
0.75,0.2,0.05,0.75,0.707142857
0.75,0.25,0,0.7,0.707142857
0.75,0.25,0,0.75,0.707142857
0.75,0.25,0,0.9,0.707142857
0.75,0.25,0,0.95,0.707142857
0.7,0.2,0.1,0.7,0.707142857
0.7,0.2,0.1,0.75,0.707142857
0.7,0.2,0.1,0.8,0.707142857
0.7,0.2,0.1,0.85,0.707142857
0.7,0.25,0.05,0.7,0.707142857
0.7,0.25,0.05,0.75,0.707142857
0.7,0.25,0.05,0.8,0.707142857
0.7,0.25,0.05,0.95,0.707142857
0.7,0.3,0,0.75,0.707142857
0.7,0.3,0,0.9,0.707142857
0.65,0.25,0.1,0.75,0.707142857
0.65,0.25,0.1,0.8,0.707142857
0.65,0.25,0.1,0.85,0.707142857
0.65,0.25,0.1,0.95,0.707142857
0.65,0.3,0.05,0.8,0.707142857
0.65,0.3,0.05,0.9,0.707142857
0.65,0.35,0,0.8,0.707142857
0.65,0.35,0,0.85,0.707142857
0.6,0.3,0.1,0.75,0.707142857
0.6,0.3,0.1,0.85,0.707142857
0.6,0.3,0.1,0.9,0.707142857
0.6,0.35,0.05,0.85,0.707142857
0.6,0.35,0.05,0.9,0.707142857
0.55,0.35,0.1,0.8,0.707142857
0.55,0.35,0.1,0.95,0.707142857
0.55,0.4,0.05,0.95,0.707142857
0.55,0.45,0,0.9,0.707142857
0.5,0.45,0.05,0.95,0.707142857
0.95,0.05,0,0.8,0.705714286
0.95,0.05,0,0.9,0.705714286
0.9,0.05,0.05,0.85,0.705714286
0.9,0.1,0,0.8,0.705714286
0.9,0.1,0,0.85,0.705714286
0.85,0.1,0.05,0.75,0.705714286
0.85,0.1,0.05,0.8,0.705714286
0.85,0.15,0,0.8,0.705714286
0.85,0.15,0,0.95,0.705714286
0.8,0.1,0.1,0.65,0.705714286
0.8,0.1,0.1,0.8,0.705714286
0.8,0.1,0.1,0.85,0.705714286
0.8,0.15,0.05,0.7,0.705714286
0.8,0.15,0.05,0.8,0.705714286
0.8,0.2,0,0.9,0.705714286
0.8,0.2,0,0.95,0.705714286
0.75,0.15,0.1,0.8,0.705714286
0.75,0.15,0.1,0.85,0.705714286
0.75,0.2,0.05,0.95,0.705714286
0.75,0.25,0,0.8,0.705714286
0.75,0.25,0,0.85,0.705714286
0.7,0.25,0.05,0.85,0.705714286
0.7,0.25,0.05,0.9,0.705714286
0.7,0.3,0,0.7,0.705714286
0.7,0.3,0,0.8,0.705714286
0.65,0.25,0.1,0.9,0.705714286
0.65,0.3,0.05,0.75,0.705714286
0.65,0.3,0.05,0.85,0.705714286
0.6,0.3,0.1,0.8,0.705714286
0.6,0.3,0.1,0.95,0.705714286
0.9,0.05,0.05,0.9,0.704285714
0.9,0.1,0,0.95,0.704285714
0.85,0.1,0.05,0.85,0.704285714
0.85,0.15,0,0.9,0.704285714
0.8,0.1,0.1,0.7,0.704285714
0.8,0.1,0.1,0.75,0.704285714
0.8,0.15,0.05,0.85,0.704285714
0.8,0.15,0.05,0.95,0.704285714
0.75,0.15,0.1,0.75,0.704285714
0.75,0.15,0.1,0.9,0.704285714
0.75,0.2,0.05,0.85,0.704285714
0.7,0.2,0.1,0.9,0.704285714
1,0,0,0.55,0.702857143
1,0,0,0.85,0.702857143
0.95,0.05,0,0.95,0.702857143
0.9,0.05,0.05,0.8,0.702857143
0.9,0.05,0.05,0.95,0.702857143
0.85,0.1,0.05,0.9,0.702857143
0.75,0.15,0.1,0.95,0.702857143
0.9,0.1,0,0.9,0.701428571
0.85,0.05,0.1,0.75,0.701428571
0.85,0.1,0.05,0.95,0.701428571
0.85,0.15,0,0.85,0.701428571
0.8,0.1,0.1,0.9,0.701428571
0.8,0.1,0.1,0.95,0.701428571
0.8,0.15,0.05,0.9,0.701428571
0.8,0.2,0,0.85,0.701428571
0.75,0.2,0.05,0.9,0.701428571
0.7,0.2,0.1,0.95,0.701428571
0.95,0.05,0,0.7,0.7
0.9,0,0.1,0.65,0.7
0.9,0,0.1,0.7,0.7
0.9,0,0.1,0.75,0.7
0.85,0.05,0.1,0.8,0.7
1,0,0,0.65,0.698571429
0.95,0.05,0,0.5,0.698571429
0.85,0.05,0.1,0.55,0.698571429
1,0,0,0.95,0.697142857
0.95,0,0.05,0.5,0.697142857
0.95,0,0.05,0.85,0.697142857
0.95,0.05,0,0.55,0.697142857
0.95,0.05,0,0.65,0.697142857
0.9,0,0.1,0.6,0.697142857
0.9,0.05,0.05,0.5,0.697142857
0.9,0.05,0.05,0.65,0.697142857
0.9,0.05,0.05,0.75,0.697142857
0.85,0.05,0.1,0.65,0.697142857
0.85,0.05,0.1,0.85,0.697142857
0.95,0,0.05,0.55,0.695714286
0.95,0,0.05,0.6,0.695714286
0.95,0,0.05,0.8,0.695714286
0.95,0.05,0,0.6,0.695714286
0.9,0,0.1,0.55,0.695714286
0.9,0.05,0.05,0.55,0.695714286
0.9,0.05,0.05,0.6,0.695714286
0.9,0.05,0.05,0.7,0.695714286
0.85,0.05,0.1,0.6,0.695714286
0.85,0.05,0.1,0.7,0.695714286
0.95,0,0.05,0.65,0.694285714
0.95,0,0.05,0.7,0.694285714
0.95,0,0.05,0.75,0.694285714
0.95,0,0.05,0.9,0.69
