task_id,truth
0,4
1,8
2,5
3,8
4,9
5,9
6,9
7,2
8,4
9,6
10,0
11,7
12,4
13,9
14,0
15,3
16,0
17,3
18,4
19,4
20,6
21,0
22,6
23,4
24,5
25,6
26,7
27,9
28,1
29,3
30,9
31,5
32,1
33,0
34,0
35,6
36,2
37,3
38,0
39,7
40,5
41,6
42,5
43,1
44,5
45,9
46,5
47,5
48,7
49,6
50,9
51,1
52,8
53,1
54,3
55,9
56,6
57,5
58,1
59,3
60,4
61,4
62,9
63,0
64,0
65,7
66,7
67,9
68,2
69,6
70,3
71,0
72,9
73,5
74,6
75,6
76,2
77,8
78,8
79,6
80,1
81,4
82,3
83,4
84,5
85,4
86,5
87,5
88,4
89,0
90,4
91,0
92,4
93,4
94,4
95,7
96,2
97,6
98,9
99,5
100,6
101,2
102,9
103,2
104,8
105,1
106,1
107,3
108,6
109,8
110,5
111,9
112,2
113,5
114,8
115,3
116,6
117,7
118,7
119,5
120,2
121,4
122,0
123,0
124,0
125,1
126,3
127,3
128,4
129,3
130,2
131,2
132,2
133,2
134,5
135,9
136,2
137,0
138,7
139,1
140,2
141,2
142,4
143,1
144,5
145,7
146,3
147,4
148,2
149,5
150,7
151,6
152,2
153,4
154,0
155,2
156,4
157,3
158,8
159,8
160,4
161,1
162,8
163,7
164,4
165,8
166,7
167,6
168,9
169,7
170,9
171,7
172,2
173,2
174,6
175,0
176,9
177,5
178,0
179,6
180,5
181,3
182,4
183,1
184,0
185,8
186,4
187,9
188,5
189,2
190,7
191,8
192,7
193,7
194,0
195,7
196,3
197,3
198,9
199,8
200,4
201,8
202,3
203,9
204,8
205,2
206,4
207,1
208,9
209,4
210,9
211,3
212,8
213,5
214,1
215,2
216,5
217,8
218,1
219,6
220,6
221,4
222,6
223,0
224,9
225,0
226,0
227,1
228,8
229,4
230,0
231,7
232,5
233,2
234,5
235,9
236,9
237,7
238,4
239,7
240,8
241,7
242,4
243,0
244,3
245,1
246,9
247,5
248,1
249,2
250,1
251,7
252,1
253,7
254,3
255,8
256,5
257,9
258,2
259,5
260,5
261,4
262,3
263,0
264,5
265,4
266,2
267,3
268,1
269,0
270,0
271,7
272,8
273,9
274,9
275,5
276,7
277,9
278,4
279,6
280,9
281,2
282,3
283,3
284,8
285,6
286,3
287,7
288,2
289,0
290,3
291,9
292,0
293,0
294,7
295,5
296,5
297,6
298,3
299,8
300,9
301,2
302,3
303,2
304,8
305,3
306,0
307,1
308,4
309,9
310,7
311,5
312,0
313,5
314,2
315,8
316,5
317,5
318,4
319,9
320,1
321,8
322,8
323,6
324,8
325,2
326,1
327,0
328,2
329,5
330,0
331,1
332,4
333,0
334,9
335,7
336,4
337,0
338,5
339,8
340,0
341,3
342,9
343,2
344,2
345,2
346,3
347,5
348,3
349,1
350,9
351,4
352,7
353,7
354,5
355,1
356,8
357,4
358,5
359,6
360,2
361,7
362,8
363,2
364,8
365,1
366,7
367,8
368,1
369,0
370,9
371,6
372,8
373,9
374,4
375,2
376,2
377,7
378,9
379,0
380,0
381,1
382,7
383,6
384,6
385,4
386,4
387,6
388,9
389,6
390,2
391,0
392,6
393,6
394,7
395,0
396,0
397,8
398,6
399,6
400,0
401,5
402,5
403,7
404,1
405,7
406,8
407,3
408,8
409,5
410,2
411,8
412,6
413,5
414,0
415,7
416,8
417,4
418,2
419,7
420,8
421,9
422,7
423,9
424,8
425,3
426,7
427,8
428,3
429,0
430,1
431,3
432,3
433,3
434,9
435,9
436,0
437,6
438,2
439,0
440,8
441,3
442,4
443,0
444,2
445,1
446,8
447,2
448,7
449,0
450,5
451,5
452,9
453,5
454,8
455,6
456,8
457,4
458,5
459,8
460,4
461,8
462,2
463,8
464,3
465,4
466,2
467,9
468,6
469,2
470,7
471,5
472,8
473,2
474,5
475,8
476,9
477,8
478,6
479,4
480,8
481,9
482,9
483,8
484,1
485,4
486,7
487,0
488,4
489,0
490,1
491,3
492,5
493,9
494,6
495,1
496,2
497,4
498,4
499,2
500,1
501,0
502,5
503,7
504,2
505,3
506,9
507,5
508,2
509,3
510,7
511,4
512,2
513,4
514,0
515,8
516,9
517,8
518,9
519,5
520,7
521,7
522,7
523,2
524,5
525,8
526,5
527,5
528,6
529,4
530,1
531,8
532,9
533,4
534,0
535,7
536,0
537,2
538,2
539,0
540,8
541,8
542,6
543,5
544,9
545,7
546,5
547,7
548,8
549,1
550,7
551,5
552,8
553,7
554,5
555,4
556,6
557,3
558,7
559,2
560,4
561,8
562,6
563,1
564,8
565,7
566,4
567,9
568,6
569,8
570,9
571,2
572,8
573,3
574,4
575,5
576,7
577,6
578,8
579,3
580,1
581,2
582,2
583,9
584,8
585,9
586,2
587,3
588,9
589,3
590,5
591,9
592,2
593,7
594,7
595,1
596,2
597,7
598,1
599,6
600,9
601,0
602,2
603,3
604,5
605,9
606,3
607,6
608,2
609,3
610,7
611,9
612,1
613,8
614,0
615,6
616,9
617,2
618,7
619,2
620,0
621,0
622,0
623,4
624,6
625,3
626,4
627,2
628,4
629,2
630,4
631,9
632,9
633,7
634,7
635,4
636,1
637,1
638,4
639,9
640,3
641,2
642,2
643,3
644,0
645,8
646,4
647,1
648,5
649,8
650,0
651,5
652,3
653,2
654,2
655,7
656,7
657,4
658,4
659,8
660,7
661,6
662,2
663,6
664,6
665,1
666,2
667,5
668,4
669,9
670,3
671,5
672,5
673,7
674,0
675,0
676,2
677,7
678,1
679,8
680,2
681,5
682,4
683,5
684,2
685,8
686,7
687,2
688,4
689,2
690,8
691,2
692,3
693,2
694,3
695,1
696,3
697,3
698,6
699,7
700,7
701,2
702,6
703,7
704,9
705,0
706,7
707,3
708,8
709,8
710,6
711,1
712,8
713,0
714,1
715,2
716,4
717,7
718,2
719,5
720,0
721,0
722,2
723,4
724,8
725,3
726,1
727,8
728,8
729,5
730,8
731,6
732,5
733,2
734,2
735,9
736,5
737,9
738,1
739,9
740,6
741,8
742,5
743,7
744,3
745,9
746,1
747,9
748,8
749,3
750,5
751,7
752,4
753,6
754,6
755,0
756,8
757,0
758,7
759,2
760,9
761,0
762,5
763,9
764,8
765,6
766,8
767,3
768,5
769,6
770,5
771,9
772,5
773,4
774,1
775,6
776,6
777,7
778,7
779,2
780,9
781,4
782,8
783,9
784,9
785,9
786,6
787,1
788,4
789,8
790,0
791,1
792,9
793,4
794,2
795,0
796,9
797,6
798,3
799,4
800,8
801,1
802,3
803,8
804,9
805,0
806,7
807,5
808,4
809,2
810,8
811,5
812,3
813,6
814,5
815,7
816,5
817,7
818,7
819,1
820,9
821,3
822,9
823,6
824,8
825,5
826,0
827,9
828,7
829,8
830,7
831,4
832,0
833,0
834,1
835,9
836,2
837,7
838,2
839,4
840,3
841,1
842,5
843,3
844,0
845,4
846,5
847,9
848,6
849,2
850,4
851,3
852,3
853,5
854,6
855,3
856,5
857,8
858,8
859,9
860,3
861,3
862,7
863,1
864,8
865,7
866,8
867,4
868,9
869,5
870,9
871,7
872,0
873,9
874,2
875,0
876,3
877,9
878,0
879,8
880,4
881,2
882,4
883,0
884,7
885,2
886,5
887,5
888,8
889,7
890,6
891,9
892,0
893,2
894,4
895,9
896,9
897,4
898,3
899,6
900,9
901,0
902,6
903,5
904,9
905,3
906,2
907,5
908,9
909,4
910,3
911,8
912,6
913,0
914,8
915,4
916,8
917,0
918,4
919,6
920,4
921,6
922,1
923,5
924,1
925,1
926,3
927,7
928,3
929,0
930,2
931,6
932,6
933,8
934,2
935,0
936,1
937,9
938,6
939,8
940,6
941,2
942,0
943,9
944,3
945,1
946,0
947,8
948,8
949,4
950,0
951,2
952,7
953,2
954,2
955,5
956,6
957,2
958,1
959,8
960,8
961,7
962,4
963,2
964,8
965,8
966,1
967,3
968,6
969,6
970,0
971,1
972,7
973,4
974,2
975,4
976,8
977,7
978,2
979,8
980,0
981,7
982,5
983,1
984,8
985,5
986,8
987,4
988,6
989,8
990,6
991,7
992,1
993,9
994,6
995,6
996,9
997,0
998,0
999,3
1000,2
1001,9
1002,1
1003,0
1004,5
1005,7
1006,0
1007,7
1008,8
1009,4
1010,4
1011,5
1012,5
1013,3
1014,6
1015,4
1016,4
1017,9
1018,1
1019,5
1020,8
1021,9
1022,1
1023,1
1024,8
1025,8
1026,3
1027,4
1028,2
1029,5
1030,5
1031,2
1032,0
1033,4
1034,1
1035,6
1036,2
1037,9
1038,4
1039,7
1040,7
1041,3
1042,2
1043,7
1044,9
1045,6
1046,0
1047,7
1048,2
1049,0
1050,8
1051,8
1052,4
1053,4
1054,2
1055,3
1056,6
1057,5
1058,3
1059,3
1060,5
1061,5
1062,8
1063,2
1064,0
1065,0
1066,5
1067,7
1068,3
1069,7
1070,1
1071,4
1072,8
1073,7
1074,3
1075,2
1076,1
1077,1
1078,6
1079,1
1080,4
1081,7
1082,6
1083,4
1084,2
1085,1
1086,3
1087,5
1088,5
1089,6
1090,7
1091,6
1092,0
1093,1
1094,9
1095,2
1096,3
1097,9
1098,2
1099,2
1100,7
1101,0
1102,4
1103,9
1104,1
1105,6
1106,8
1107,9
1108,8
1109,2
1110,3
1111,4
1112,9
1113,4
1114,2
1115,7
1116,0
1117,8
1118,2
1119,9
1120,4
1121,3
1122,9
1123,7
1124,7
1125,9
1126,2
1127,3
1128,4
1129,7
1130,4
1131,4
1132,0
1133,3
1134,6
1135,7
1136,9
1137,3
1138,5
1139,9
1140,0
1141,4
1142,1
1143,1
1144,3
1145,2
1146,0
1147,2
1148,8
1149,6
1150,9
1151,5
1152,8
1153,1
1154,2
1155,8
1156,3
1157,7
1158,8
1159,7
1160,9
1161,6
1162,3
1163,0
1164,1
1165,6
1166,6
1167,2
1168,5
1169,9
1170,4
1171,1
1172,1
1173,8
1174,1
1175,0
1176,5
1177,8
1178,4
1179,0
1180,3
1181,7
1182,1
1183,6
1184,5
1185,9
1186,5
1187,9
1188,3
1189,6
1190,2
1191,6
1192,4
1193,7
1194,2
1195,3
1196,4
1197,0
1198,2
1199,9
1200,0
1201,3
1202,7
1203,0
1204,4
1205,7
1206,7
1207,0
1208,6
1209,7
1210,3
1211,0
1212,7
1213,8
1214,3
1215,8
1216,3
1217,7
1218,9
1219,1
1220,0
1221,2
1222,1
1223,7
1224,4
1225,5
1226,7
1227,7
1228,3
1229,0
1230,0
1231,1
1232,2
1233,1
1234,8
1235,3
1236,4
1237,4
1238,5
1239,4
1240,7
1241,7
1242,0
1243,5
1244,6
1245,9
1246,5
1247,5
1248,2
1249,2
1250,8
1251,9
1252,0
1253,5
1254,7
1255,7
1256,2
1257,6
1258,8
1259,1
1260,3
1261,2
1262,8
1263,3
1264,4
1265,3
1266,8
1267,5
1268,6
1269,9
1270,7
1271,8
1272,8
1273,3
1274,7
1275,2
1276,7
1277,6
1278,6
1279,5
1280,4
1281,6
1282,0
1283,6
1284,4
1285,0
1286,4
1287,4
1288,9
1289,0
1290,2
1291,7
1292,8
1293,4
1294,9
1295,4
1296,0
1297,8
1298,7
1299,2
1300,6
1301,3
1302,5
1303,3
1304,4
1305,7
1306,4
1307,0
1308,0
1309,6
1310,2
1311,7
1312,8
1313,6
1314,9
1315,0
1316,3
1317,2
1318,9
1319,4
1320,8
1321,6
1322,6
1323,4
1324,8
1325,2
1326,0
1327,3
1328,9
1329,4
1330,8
1331,0
1332,1
1333,5
1334,1
1335,5
1336,3
1337,4
1338,3
1339,8
1340,9
1341,7
1342,7
1343,4
1344,2
1345,1
1346,5
1347,1
1348,4
1349,5
1350,4
1351,9
1352,6
1353,8
1354,5
1355,5
1356,0
1357,4
1358,5
1359,6
1360,5
1361,2
1362,5
1363,2
1364,5
1365,2
1366,9
1367,3
1368,0
1369,6
1370,8
1371,6
1372,1
1373,1
1374,3
1375,5
1376,6
1377,5
1378,8
1379,9
1380,7
1381,2
1382,8
1383,5
1384,5
1385,7
1386,9
1387,4
1388,6
1389,7
1390,4
1391,1
1392,3
1393,0
1394,5
1395,2
1396,9
1397,9
1398,5
1399,4
1400,9
1401,0
1402,2
1403,1
1404,1
1405,2
1406,9
1407,9
1408,5
1409,7
1410,0
1411,9
1412,8
1413,1
1414,9
1415,0
1416,3
1417,6
1418,9
1419,6
1420,2
1421,8
1422,8
1423,5
1424,3
1425,3
1426,0
1427,6
1428,4
1429,6
1430,8
1431,5
1432,1
1433,4
1434,2
1435,2
1436,5
1437,6
1438,0
1439,5
1440,0
1441,3
1442,5
1443,6
1444,1
1445,6
1446,6
1447,9
1448,2
1449,8
1450,3
1451,3
1452,4
1453,2
1454,0
1455,0
1456,8
1457,1
1458,2
1459,7
1460,5
1461,0
1462,6
1463,1
1464,6
1465,7
1466,0
1467,9
1468,9
1469,8
1470,6
1471,6
1472,7
1473,7
1474,1
1475,7
1476,1
1477,4
1478,7
1479,9
1480,5
1481,1
1482,7
1483,9
1484,9
1485,4
1486,6
1487,4
1488,1
1489,1
1490,3
1491,8
1492,8
1493,7
1494,0
1495,6
1496,7
1497,2
1498,8
1499,8
1500,1
1501,6
1502,6
1503,1
1504,4
1505,7
1506,1
1507,6
1508,0
1509,0
1510,5
1511,2
1512,6
1513,3
1514,1
1515,7
1516,8
1517,6
1518,0
1519,6
1520,8
1521,4
1522,4
1523,9
1524,9
1525,3
1526,1
1527,0
1528,8
1529,2
1530,0
1531,5
1532,0
1533,3
1534,0
1535,2
1536,5
1537,6
1538,6
1539,1
1540,4
1541,6
1542,6
1543,1
1544,0
1545,0
1546,9
1547,4
1548,0
1549,1
1550,1
1551,5
1552,0
1553,8
1554,4
1555,5
1556,2
1557,9
1558,5
1559,0
1560,5
1561,5
1562,6
1563,7
1564,5
1565,4
1566,0
1567,9
1568,1
1569,0
1570,4
1571,5
1572,4
1573,5
1574,5
1575,8
1576,6
1577,2
1578,2
1579,4
1580,2
1581,4
1582,6
1583,7
1584,3
1585,3
1586,5
1587,0
1588,6
1589,1
1590,3
1591,4
1592,4
1593,5
1594,6
1595,2
1596,7
1597,9
1598,2
1599,1
1600,7
1601,0
1602,8
1603,1
1604,7
1605,6
1606,3
1607,1
1608,6
1609,8
1610,8
1611,2
1612,2
1613,0
1614,1
1615,8
1616,2
1617,1
1618,6
1619,8
1620,4
1621,1
1622,0
1623,7
1624,8
1625,5
1626,5
1627,0
1628,4
1629,1
1630,7
1631,8
1632,7
1633,1
1634,8
1635,9
1636,2
1637,2
1638,0
1639,2
1640,6
1641,5
1642,9
1643,3
1644,6
1645,7
1646,6
1647,1
1648,8
1649,0
1650,8
1651,6
1652,8
1653,3
1654,9
1655,0
1656,7
1657,3
1658,1
1659,3
1660,1
1661,3
1662,4
1663,7
1664,6
1665,2
1666,2
1667,5
1668,7
1669,6
1670,6
1671,3
1672,6
1673,2
1674,1
1675,7
1676,1
1677,4
1678,6
1679,6
1680,6
1681,2
1682,6
1683,3
1684,5
1685,6
1686,5
1687,7
1688,0
1689,5
1690,3
1691,0
1692,6
1693,7
1694,7
1695,4
1696,9
1697,6
1698,4
1699,0
1700,5
1701,9
1702,7
1703,7
1704,6
1705,5
1706,8
1707,5
1708,4
1709,5
1710,6
1711,2
1712,4
1713,2
1714,5
1715,9
1716,5
1717,4
1718,4
1719,2
1720,0
1721,6
1722,2
1723,0
1724,9
1725,1
1726,2
1727,5
1728,3
1729,0
1730,9
1731,4
1732,1
1733,2
1734,0
1735,0
1736,1
1737,1
1738,0
1739,9
1740,4
1741,8
1742,0
1743,1
1744,1
1745,7
1746,0
1747,6
1748,4
1749,9
1750,6
1751,8
1752,8
1753,4
1754,8
1755,2
1756,4
1757,7
1758,9
1759,0
1760,1
1761,7
1762,1
1763,9
1764,6
1765,9
1766,1
1767,9
1768,7
1769,8
1770,8
1771,7
1772,1
1773,5
1774,9
1775,5
1776,2
1777,8
1778,5
1779,8
1780,0
1781,1
1782,6
1783,0
1784,7
1785,4
1786,5
1787,0
1788,3
1789,4
1790,5
1791,4
1792,3
1793,9
1794,7
1795,1
1796,5
1797,3
1798,7
1799,4
1800,6
1801,0
1802,4
1803,6
1804,6
1805,8
1806,0
1807,0
1808,4
1809,0
1810,8
1811,4
1812,4
1813,5
1814,1
1815,1
1816,1
1817,3
1818,7
1819,1
1820,1
1821,8
1822,6
1823,3
1824,0
1825,1
1826,2
1827,6
1828,6
1829,1
1830,3
1831,0
1832,2
1833,5
1834,9
1835,1
1836,8
1837,1
1838,3
1839,8
1840,1
1841,1
1842,7
1843,7
1844,5
1845,3
1846,5
1847,7
1848,4
1849,8
1850,0
1851,6
1852,8
1853,5
1854,5
1855,5
1856,8
1857,0
1858,2
1859,3
1860,2
1861,1
1862,7
1863,8
1864,7
1865,1
1866,2
1867,7
1868,3
1869,7
1870,7
1871,9
1872,3
1873,7
1874,4
1875,9
1876,3
1877,6
1878,0
1879,7
1880,7
1881,5
1882,3
1883,6
1884,4
1885,2
1886,0
1887,9
1888,3
1889,5
1890,0
1891,3
1892,2
1893,2
1894,3
1895,3
1896,4
1897,5
1898,0
1899,6
1900,9
1901,2
1902,7
1903,1
1904,3
1905,0
1906,4
1907,4
1908,3
1909,5
1910,2
1911,3
1912,4
1913,6
1914,2
1915,9
1916,0
1917,3
1918,5
1919,5
1920,0
1921,1
1922,6
1923,8
1924,6
1925,8
1926,0
1927,3
1928,1
1929,4
1930,3
1931,2
1932,5
1933,9
1934,8
1935,8
1936,4
1937,8
1938,7
1939,9
1940,6
1941,1
1942,0
1943,6
1944,5
1945,3
1946,8
1947,8
1948,5
1949,0
1950,0
1951,7
1952,3
1953,1
1954,2
1955,0
1956,6
1957,8
1958,9
1959,8
1960,4
1961,3
1962,6
1963,3
1964,6
1965,5
1966,5
1967,6
1968,4
1969,4
1970,2
1971,1
1972,6
1973,8
1974,0
1975,3
1976,6
1977,4
1978,7
1979,9
1980,5
1981,2
1982,1
1983,4
1984,4
1985,3
1986,5
1987,2
1988,9
1989,6
1990,3
1991,9
1992,5
1993,1
1994,7
1995,1
1996,7
1997,7
1998,0
1999,7
2000,7
2001,3
2002,8
2003,8
2004,4
2005,9
2006,7
2007,4
2008,1
2009,3
2010,9
2011,2
2012,0
2013,6
2014,4
2015,3
2016,7
2017,8
2018,1
2019,0
2020,9
2021,1
2022,0
2023,7
2024,3
2025,2
2026,1
2027,9
2028,9
2029,2
2030,5
2031,4
2032,1
2033,7
2034,3
2035,2
2036,0
2037,1
2038,4
2039,0
2040,8
2041,8
2042,6
2043,3
2044,2
2045,8
2046,3
2047,0
2048,6
2049,0
2050,5
2051,0
2052,5
2053,4
2054,7
2055,4
2056,3
2057,8
2058,3
2059,0
2060,1
2061,9
2062,5
2063,2
2064,9
2065,0
2066,3
2067,7
2068,0
2069,5
2070,3
2071,7
2072,7
2073,9
2074,4
2075,4
2076,5
2077,0
2078,1
2079,3
2080,1
2081,8
2082,5
2083,1
2084,3
2085,6
2086,4
2087,0
2088,5
2089,5
2090,2
2091,1
2092,1
2093,0
2094,2
2095,0
2096,0
2097,1
2098,7
2099,1
2100,0
2101,9
2102,8
2103,9
2104,0
2105,8
2106,9
2107,0
2108,2
2109,8
2110,3
2111,9
2112,5
2113,1
2114,2
2115,5
2116,7
2117,7
2118,8
2119,8
2120,8
2121,7
2122,9
2123,9
2124,3
2125,3
2126,5
2127,5
2128,7
2129,4
2130,8
2131,3
2132,0
2133,8
2134,8
2135,6
2136,7
2137,4
2138,6
2139,8
2140,2
2141,3
2142,5
2143,9
2144,2
2145,0
2146,6
2147,0
2148,9
2149,2
2150,1
2151,4
2152,8
2153,2
2154,6
2155,8
2156,6
2157,7
2158,7
2159,3
2160,7
2161,3
2162,8
2163,6
2164,8
2165,7
2166,1
2167,6
2168,4
2169,7
2170,4
2171,3
2172,3
2173,5
2174,1
2175,6
2176,9
2177,2
2178,2
2179,6
2180,1
2181,0
2182,6
2183,4
2184,4
2185,8
2186,9
2187,9
2188,3
2189,0
2190,5
2191,4
2192,2
2193,6
2194,5
2195,9
2196,7
2197,1
2198,9
2199,2
2200,4
2201,2
2202,1
2203,8
2204,6
2205,3
2206,7
2207,4
2208,8
2209,9
2210,7
2211,6
2212,9
2213,6
2214,5
2215,2
2216,8
2217,2
2218,8
2219,3
2220,7
2221,7
2222,1
2223,6
2224,7
2225,7
2226,3
2227,2
2228,8
2229,6
2230,8
2231,7
2232,9
2233,3
2234,8
2235,5
2236,4
2237,9
2238,8
2239,1
2240,1
2241,0
2242,2
2243,5
2244,6
2245,2
2246,6
2247,7
2248,6
2249,6
2250,0
2251,3
2252,0
2253,7
2254,7
2255,6
2256,2
2257,8
2258,2
2259,2
2260,4
2261,6
2262,6
2263,8
2264,6
2265,2
2266,8
2267,0
2268,8
2269,8
2270,1
2271,8
2272,2
2273,0
2274,7
2275,7
2276,0
2277,4
2278,5
2279,6
2280,2
2281,7
2282,1
2283,5
2284,4
2285,2
2286,3
2287,7
2288,0
2289,3
2290,2
2291,4
2292,3
2293,0
2294,3
2295,3
2296,6
2297,1
2298,6
2299,1
2300,1
2301,8
2302,2
2303,2
2304,0
2305,1
2306,4
2307,8
2308,5
2309,2
2310,9
2311,6
2312,2
2313,1
2314,4
2315,7
2316,1
2317,1
2318,0
2319,6
2320,5
2321,6
2322,8
2323,8
2324,7
2325,5
2326,7
2327,0
2328,0
2329,1
2330,1
2331,1
2332,5
2333,5
2334,2
2335,2
2336,1
2337,0
2338,8
2339,3
2340,2
2341,4
2342,7
2343,3
2344,3
2345,3
2346,0
2347,6
2348,1
2349,3
2350,5
2351,9
2352,5
2353,5
2354,9
2355,2
2356,2
2357,0
2358,4
2359,7
2360,5
2361,2
2362,2
2363,4
2364,8
2365,5
2366,9
2367,9
2368,7
2369,0
2370,9
2371,4
2372,4
2373,1
2374,7
2375,3
2376,6
2377,1
2378,3
2379,0
2380,0
2381,5
2382,3
2383,4
2384,8
2385,4
2386,0
2387,7
2388,8
2389,1
2390,2
2391,3
2392,7
2393,3
2394,9
2395,4
2396,2
2397,6
2398,1
2399,5
2400,5
2401,5
2402,8
2403,8
2404,4
2405,9
2406,6
2407,1
2408,8
2409,8
2410,9
2411,2
2412,8
2413,2
2414,4
2415,6
2416,9
2417,5
2418,9
2419,9
2420,8
2421,3
2422,9
2423,8
2424,3
2425,0
2426,9
2427,5
2428,3
2429,6
2430,1
2431,2
2432,9
2433,2
2434,5
2435,5
2436,3
2437,9
2438,2
2439,6
2440,1
2441,0
2442,7
2443,2
2444,4
2445,1
2446,2
2447,6
2448,6
2449,4
2450,3
2451,0
2452,2
2453,1
2454,1
2455,7
2456,3
2457,5
2458,8
2459,2
2460,6
2461,1
2462,2
2463,8
2464,8
2465,3
2466,8
2467,4
2468,2
2469,9
2470,6
2471,8
2472,9
2473,6
2474,1
2475,5
2476,2
2477,0
2478,7
2479,8
2480,5
2481,2
2482,9
2483,5
2484,7
2485,6
2486,9
2487,8
2488,6
2489,8
2490,3
2491,0
2492,9
2493,9
2494,8
2495,8
2496,5
2497,8
2498,3
2499,3
2500,1
2501,7
2502,6
2503,6
2504,0
2505,4
2506,3
2507,3
2508,3
2509,5
2510,2
2511,1
2512,1
2513,4
2514,6
2515,8
2516,3
2517,5
2518,5
2519,3
2520,3
2521,2
2522,5
2523,6
2524,1
2525,1
2526,5
2527,2
2528,4
2529,1
2530,3
2531,1
2532,4
2533,2
2534,4
2535,5
2536,3
2537,8
2538,0
2539,8
2540,3
2541,8
2542,2
2543,3
2544,0
2545,8
2546,1
2547,5
2548,3
2549,7
2550,8
2551,7
2552,9
2553,7
2554,6
2555,3
2556,7
2557,3
2558,9
2559,1
2560,9
2561,5
2562,6
2563,5
2564,2
2565,2
2566,8
2567,4
2568,0
2569,6
2570,4
2571,2
2572,8
2573,7
2574,2
2575,7
2576,7
2577,0
2578,4
2579,8
2580,3
2581,1
2582,4
2583,3
2584,6
2585,2
2586,1
2587,8
2588,6
2589,4
2590,8
2591,3
2592,6
2593,1
2594,0
2595,2
2596,8
2597,8
2598,3
2599,4
2600,4
2601,2
2602,0
2603,9
2604,4
2605,0
2606,9
2607,2
2608,3
2609,1
2610,8
2611,1
2612,2
2613,3
2614,1
2615,8
2616,2
2617,7
2618,3
2619,3
2620,8
2621,9
2622,1
2623,4
2624,3
2625,6
2626,7
2627,4
2628,4
2629,8
2630,0
2631,7
2632,7
2633,7
2634,9
2635,2
2636,1
2637,3
2638,5
2639,0
2640,3
2641,6
2642,6
2643,5
2644,6
2645,0
2646,0
2647,4
2648,0
2649,5
2650,0
2651,0
2652,5
2653,5
2654,5
2655,4
2656,4
2657,4
2658,5
2659,3
2660,9
2661,4
2662,1
2663,1
2664,4
2665,7
2666,6
2667,1
2668,2
2669,5
2670,8
2671,5
2672,1
2673,7
2674,3
2675,9
2676,3
2677,8
2678,3
2679,7
2680,9
2681,6
2682,9
2683,7
2684,8
2685,8
2686,0
2687,2
2688,5
2689,0
2690,8
2691,0
2692,1
2693,1
2694,1
2695,2
2696,2
2697,2
2698,3
2699,7
2700,7
2701,1
2702,5
2703,8
2704,9
2705,1
2706,6
2707,7
2708,7
2709,4
2710,5
2711,5
2712,8
2713,2
2714,8
2715,6
2716,6
2717,2
2718,7
2719,0
2720,9
2721,9
2722,9
2723,8
2724,9
2725,9
2726,1
2727,7
2728,1
2729,5
2730,0
2731,1
2732,0
2733,1
2734,3
2735,3
2736,0
2737,3
2738,7
2739,5
2740,2
2741,2
2742,7
2743,5
2744,0
2745,3
2746,8
2747,2
2748,1
2749,8
2750,1
2751,7
2752,6
2753,2
2754,5
2755,3
2756,3
2757,4
2758,5
2759,7
2760,6
2761,8
2762,8
2763,7
2764,9
2765,1
2766,6
2767,9
2768,9
2769,5
2770,2
2771,9
2772,5
2773,6
2774,0
2775,4
2776,9
2777,0
2778,5
2779,7
2780,9
2781,6
2782,7
2783,7
2784,8
2785,5
2786,7
2787,6
2788,6
2789,7
2790,3
2791,1
2792,9
2793,1
2794,7
2795,1
2796,7
2797,6
2798,0
2799,0
2800,5
2801,6
2802,5
2803,2
2804,7
2805,2
2806,9
2807,9
2808,5
2809,3
2810,0
2811,0
2812,2
2813,8
2814,1
2815,6
2816,2
2817,1
2818,9
2819,1
2820,7
2821,4
2822,6
2823,6
2824,4
2825,9
2826,0
2827,0
2828,6
2829,5
2830,6
2831,9
2832,4
2833,3
2834,3
2835,8
2836,6
2837,8
2838,9
2839,2
2840,3
2841,3
2842,6
2843,1
2844,5
2845,5
2846,8
2847,8
2848,9
2849,5
2850,5
2851,0
2852,8
2853,8
2854,5
2855,7
2856,3
2857,5
2858,7
2859,8
2860,2
2861,7
2862,7
2863,3
2864,5
2865,3
2866,8
2867,6
2868,7
2869,6
2870,3
2871,2
2872,8
2873,4
2874,5
2875,0
2876,5
2877,8
2878,6
2879,9
2880,5
2881,0
2882,8
2883,9
2884,8
2885,9
2886,8
2887,4
2888,1
2889,7
2890,8
2891,6
2892,9
2893,1
2894,9
2895,1
2896,8
2897,1
2898,7
2899,6
2900,6
2901,6
2902,9
2903,8
2904,5
2905,7
2906,1
2907,4
2908,6
2909,2
2910,7
2911,5
2912,2
2913,7
2914,1
2915,5
2916,9
2917,6
2918,8
2919,6
2920,1
2921,4
2922,8
2923,8
2924,2
2925,1
2926,0
2927,9
2928,4
2929,7
2930,8
2931,3
2932,3
2933,7
2934,8
2935,8
2936,5
2937,9
2938,0
2939,4
2940,4
2941,2
2942,4
2943,4
2944,7
2945,3
2946,9
2947,0
2948,1
2949,7
2950,4
2951,3
2952,5
2953,0
2954,4
2955,0
2956,9
2957,4
2958,2
2959,5
2960,0
2961,0
2962,2
2963,6
2964,0
2965,8
2966,9
2967,5
2968,8
2969,7
2970,1
2971,3
2972,2
2973,6
2974,8
2975,6
2976,8
2977,2
2978,4
2979,0
2980,4
2981,7
2982,6
2983,8
2984,4
2985,9
2986,7
2987,3
2988,7
2989,4
2990,1
2991,5
2992,8
2993,1
2994,3
2995,7
2996,7
2997,1
2998,3
2999,7
3000,7
3001,6
3002,1
3003,0
3004,4
3005,1
3006,5
3007,6
3008,0
3009,0
3010,8
3011,5
3012,1
3013,2
3014,4
3015,6
3016,0
3017,5
3018,5
3019,1
3020,7
3021,2
3022,7
3023,7
3024,0
3025,3
3026,2
3027,5
3028,0
3029,1
3030,0
3031,7
3032,5
3033,9
3034,0
3035,2
3036,0
3037,2
3038,0
3039,5
3040,1
3041,6
3042,4
3043,4
3044,1
3045,3
3046,8
3047,4
3048,2
3049,4
3050,3
3051,0
3052,2
3053,3
3054,1
3055,1
3056,6
3057,5
3058,7
3059,8
3060,9
3061,0
3062,1
3063,3
3064,1
3065,6
3066,7
3067,7
3068,4
3069,7
3070,0
3071,4
3072,5
3073,0
3074,1
3075,4
3076,1
3077,5
3078,1
3079,3
3080,0
3081,7
3082,5
3083,9
3084,8
3085,9
3086,4
3087,7
3088,8
3089,6
3090,3
3091,5
3092,1
3093,8
3094,0
3095,4
3096,1
3097,3
3098,8
3099,4
3100,3
3101,4
3102,0
3103,6
3104,3
3105,2
3106,1
3107,0
3108,3
3109,5
3110,1
3111,7
3112,2
3113,9
3114,6
3115,7
3116,2
3117,3
3118,3
3119,8
3120,1
3121,9
3122,8
3123,0
3124,7
3125,8
3126,5
3127,0
3128,2
3129,7
3130,3
3131,8
3132,7
3133,6
3134,7
3135,9
3136,7
3137,0
3138,5
3139,3
3140,0
3141,4
3142,5
3143,3
3144,1
3145,6
3146,0
3147,6
3148,6
3149,4
3150,4
3151,0
3152,7
3153,3
3154,0
3155,5
3156,7
3157,5
3158,0
3159,1
3160,5
3161,7
3162,7
3163,4
3164,2
3165,8
3166,8
3167,7
3168,5
3169,3
3170,7
3171,5
3172,5
3173,4
3174,9
3175,2
3176,1
3177,4
3178,8
3179,8
3180,6
3181,9
3182,0
3183,5
3184,9
3185,8
3186,8
3187,3
3188,4
3189,7
3190,3
3191,2
3192,8
3193,0
3194,1
3195,5
3196,3
3197,9
3198,2
3199,4
3200,1
3201,7
3202,5
3203,6
3204,2
3205,4
3206,1
3207,4
3208,6
3209,1
3210,0
3211,2
3212,8
3213,2
3214,6
3215,6
3216,1
3217,5
3218,0
3219,7
3220,3
3221,8
3222,4
3223,1
3224,0
3225,4
3226,7
3227,8
3228,0
3229,9
3230,1
3231,8
3232,6
3233,2
3234,4
3235,3
3236,7
3237,9
3238,5
3239,5
3240,3
3241,6
3242,9
3243,1
3244,6
3245,1
3246,4
3247,2
3248,7
3249,6
3250,6
3251,0
3252,1
3253,3
3254,4
3255,1
3256,7
3257,0
3258,4
3259,9
3260,1
3261,6
3262,5
3263,9
3264,0
3265,2
3266,8
3267,3
3268,5
3269,4
3270,6
3271,3
3272,0
3273,5
3274,7
3275,7
3276,1
3277,2
3278,7
3279,9
3280,6
3281,9
3282,1
3283,2
3284,3
3285,2
3286,5
3287,6
3288,6
3289,6
3290,4
3291,1
3292,1
3293,8
3294,5
3295,0
3296,5
3297,8
3298,1
3299,9
3300,8
3301,6
3302,4
3303,3
3304,4
3305,7
3306,5
3307,9
3308,2
3309,6
3310,6
3311,5
3312,9
3313,8
3314,7
3315,7
3316,3
3317,0
3318,5
3319,5
3320,4
3321,0
3322,8
3323,9
3324,4
3325,2
3326,8
3327,6
3328,6
3329,3
3330,8
3331,1
3332,2
3333,7
3334,6
3335,0
3336,4
3337,5
3338,9
3339,8
3340,5
3341,2
3342,3
3343,2
3344,5
3345,6
3346,9
3347,3
3348,8
3349,3
3350,5
3351,5
3352,9
3353,5
3354,5
3355,9
3356,4
3357,1
3358,5
3359,8
3360,1
3361,2
3362,6
3363,7
3364,8
3365,1
3366,2
3367,9
3368,4
3369,9
3370,4
3371,4
3372,5
3373,9
3374,7
3375,7
3376,3
3377,5
3378,6
3379,2
3380,6
3381,4
3382,3
3383,8
3384,5
3385,7
3386,3
3387,0
3388,8
3389,1
3390,1
3391,9
3392,3
3393,0
3394,2
3395,1
3396,8
3397,3
3398,3
3399,8
3400,1
3401,4
3402,1
3403,4
3404,8
3405,2
3406,5
3407,3
3408,4
3409,4
3410,6
3411,2
3412,1
3413,8
3414,7
3415,4
3416,3
3417,6
3418,5
3419,3
3420,5
3421,2
3422,7
3423,1
3424,1
3425,2
3426,5
3427,3
3428,3
3429,7
3430,4
3431,0
3432,6
3433,3
3434,5
3435,2
3436,4
3437,9
3438,4
3439,0
3440,9
3441,7
3442,0
3443,6
3444,9
3445,7
3446,6
3447,1
3448,3
3449,4
3450,2
3451,4
3452,5
3453,9
3454,3
3455,0
3456,9
3457,7
3458,3
3459,0
3460,6
3461,1
3462,1
3463,2
3464,8
3465,5
3466,1
3467,2
3468,3
3469,8
3470,0
3471,1
3472,0
3473,5
3474,5
3475,8
3476,4
3477,9
3478,9
3479,0
3480,1
3481,4
3482,1
3483,2
3484,4
3485,7
3486,6
3487,4
3488,7
3489,5
3490,2
3491,1
3492,9
3493,7
3494,5
3495,1
3496,7
3497,5
3498,3
3499,9
3500,8
3501,9
3502,2
3503,9
3504,7
3505,1
3506,8
3507,9
3508,7
3509,9
3510,3
3511,7
3512,2
3513,2
3514,2
3515,3
3516,8
3517,6
3518,3
3519,7
3520,0
3521,7
3522,5
3523,7
3524,1
3525,9
3526,0
3527,1
3528,1
3529,8
3530,2
3531,8
3532,1
3533,9
3534,1
3535,1
3536,9
3537,2
3538,5
3539,5
3540,3
3541,9
3542,8
3543,7
3544,9
3545,0
3546,1
3547,6
3548,6
3549,8
3550,0
3551,7
3552,0
3553,8
3554,4
3555,6
3556,7
3557,7
3558,8
3559,1
3560,4
3561,3
3562,0
3563,5
3564,5
3565,0
3566,6
3567,0
3568,4
3569,1
3570,0
3571,2
3572,6
3573,4
3574,0
3575,1
3576,5
3577,5
3578,5
3579,6
3580,8
3581,8
3582,3
3583,5
3584,6
3585,7
3586,1
3587,1
3588,1
3589,5
3590,7
3591,1
3592,3
3593,1
3594,7
3595,8
3596,0
3597,5
3598,3
3599,7
3600,7
3601,7
3602,2
3603,8
3604,9
3605,6
3606,4
3607,5
3608,2
3609,3
3610,2
3611,6
3612,2
3613,2
3614,8
3615,1
3616,3
3617,3
3618,7
3619,0
3620,0
3621,5
3622,8
3623,4
3624,2
3625,8
3626,2
3627,2
3628,1
3629,0
3630,5
3631,2
3632,8
3633,0
3634,2
3635,7
3636,6
3637,6
3638,0
3639,9
3640,7
3641,9
3642,8
3643,5
3644,1
3645,5
3646,3
3647,6
3648,2
3649,5
3650,2
3651,9
3652,9
3653,9
3654,5
3655,8
3656,0
3657,6
3658,4
3659,0
3660,1
3661,7
3662,2
3663,4
3664,9
3665,5
3666,0
3667,3
3668,0
3669,8
3670,3
3671,8
3672,2
3673,8
3674,1
3675,1
3676,6
3677,6
3678,2
3679,5
3680,4
3681,5
3682,4
3683,8
3684,0
3685,2
3686,2
3687,6
3688,7
3689,9
3690,8
3691,4
3692,8
3693,6
3694,0
3695,0
3696,2
3697,5
3698,3
3699,3
3700,1
3701,0
3702,1
3703,1
3704,9
3705,8
3706,6
3707,0
3708,0
3709,4
3710,7
3711,3
3712,4
3713,1
3714,6
3715,5
3716,2
3717,7
3718,9
3719,8
3720,1
3721,9
3722,2
3723,2
3724,3
3725,1
3726,8
3727,0
3728,4
3729,3
3730,0
3731,4
3732,9
3733,8
3734,3
3735,0
3736,1
3737,5
3738,7
3739,3
3740,7
3741,1
3742,8
3743,1
3744,7
3745,0
3746,7
3747,0
3748,6
3749,9
3750,9
3751,2
3752,2
3753,4
3754,1
3755,2
3756,8
3757,9
3758,3
3759,7
3760,6
3761,3
3762,0
3763,4
3764,8
3765,3
3766,1
3767,6
3768,7
3769,5
3770,8
3771,2
3772,7
3773,3
3774,0
3775,5
3776,6
3777,4
3778,5
3779,9
3780,3
3781,1
3782,4
3783,5
3784,4
3785,7
3786,3
3787,6
3788,5
3789,1
3790,2
3791,7
3792,1
3793,4
3794,3
3795,3
3796,2
3797,3
3798,3
3799,4
3800,6
3801,3
3802,9
3803,4
3804,1
3805,1
3806,1
3807,7
3808,1
3809,3
3810,1
3811,8
3812,6
3813,6
3814,8
3815,6
3816,2
3817,5
3818,8
3819,0
3820,1
3821,8
3822,0
3823,3
3824,8
3825,3
3826,3
3827,9
3828,9
3829,7
3830,6
3831,1
3832,3
3833,5
3834,0
3835,6
3836,8
3837,0
3838,7
3839,8
3840,1
3841,0
3842,2
3843,9
3844,8
3845,7
3846,3
3847,1
3848,5
3849,7
3850,9
3851,4
3852,4
3853,7
3854,6
3855,7
3856,3
3857,7
3858,5
3859,0
3860,9
3861,9
3862,2
3863,7
3864,2
3865,9
3866,9
3867,1
3868,0
3869,2
3870,3
3871,8
3872,1
3873,0
3874,8
3875,3
3876,0
3877,0
3878,5
3879,8
3880,8
3881,6
3882,7
3883,1
3884,7
3885,1
3886,2
3887,1
3888,2
3889,5
3890,4
3891,9
3892,3
3893,4
3894,4
3895,1
3896,5
3897,6
3898,6
3899,7
3900,2
3901,4
3902,6
3903,6
3904,6
3905,4
3906,0
3907,7
3908,5
3909,7
3910,9
3911,7
3912,0
3913,9
3914,4
3915,9
3916,3
3917,9
3918,9
3919,0
3920,6
3921,4
3922,6
3923,0
3924,8
3925,8
3926,8
3927,5
3928,4
3929,4
3930,9
3931,1
3932,8
3933,9
3934,0
3935,3
3936,8
3937,3
3938,1
3939,3
3940,5
3941,0
3942,1
3943,7
3944,9
3945,6
3946,2
3947,1
3948,1
3949,1
3950,5
3951,9
3952,4
3953,9
3954,5
3955,5
3956,7
3957,3
3958,1
3959,9
3960,2
3961,4
3962,0
3963,9
3964,9
3965,3
3966,2
3967,3
3968,6
3969,4
3970,9
3971,1
3972,5
3973,4
3974,4
3975,3
3976,6
3977,4
3978,9
3979,1
3980,1
3981,8
3982,7
3983,7
3984,5
3985,6
3986,7
3987,5
3988,8
3989,4
3990,1
3991,1
3992,7
3993,9
3994,1
3995,5
3996,3
3997,7
3998,9
3999,1
4000,1
4001,3
4002,4
4003,0
4004,7
4005,1
4006,3
4007,2
4008,6
4009,6
4010,9
4011,6
4012,4
4013,2
4014,1
4015,1
4016,2
4017,5
4018,9
4019,3
4020,8
4021,1
4022,3
4023,5
4024,2
4025,8
4026,2
4027,9
4028,2
4029,8
4030,0
4031,7
4032,8
4033,8
4034,4
4035,5
4036,2
4037,3
4038,5
4039,4
4040,2
4041,4
4042,2
4043,9
4044,0
4045,9
4046,2
4047,7
4048,8
4049,0
4050,7
4051,0
4052,3
4053,0
4054,3
4055,9
4056,9
4057,9
4058,4
4059,6
4060,7
4061,2
4062,6
4063,8
4064,3
4065,3
4066,4
4067,2
4068,7
4069,0
4070,0
4071,9
4072,9
4073,1
4074,6
4075,0
4076,7
4077,7
4078,8
4079,4
4080,6
4081,8
4082,6
4083,0
4084,6
4085,1
4086,0
4087,7
4088,7
4089,1
4090,8
4091,5
4092,4
4093,2
4094,5
4095,8
4096,0
4097,7
4098,3
4099,0
4100,8
4101,7
4102,5
4103,0
4104,3
4105,5
4106,8
4107,0
4108,4
4109,0
4110,7
4111,5
4112,0
4113,8
4114,7
4115,8
4116,7
4117,4
4118,6
4119,1
4120,1
4121,4
4122,0
4123,1
4124,8
4125,7
4126,5
4127,8
4128,7
4129,2
4130,0
4131,5
4132,5
4133,1
4134,0
4135,7
4136,4
4137,8
4138,9
4139,1
4140,8
4141,8
4142,0
4143,8
4144,4
4145,0
4146,5
4147,4
4148,0
4149,6
4150,3
4151,7
4152,5
4153,9
4154,5
4155,7
4156,7
4157,2
4158,9
4159,9
4160,4
4161,2
4162,7
4163,5
4164,6
4165,2
4166,8
4167,4
4168,7
4169,6
4170,4
4171,8
4172,8
4173,6
4174,3
4175,4
4176,6
4177,2
4178,5
4179,7
4180,8
4181,3
4182,5
4183,1
4184,7
4185,5
4186,6
4187,1
4188,5
4189,6
4190,4
4191,2
4192,0
4193,0
4194,8
4195,8
4196,9
4197,6
4198,5
4199,1
4200,2
4201,7
4202,6
4203,3
4204,1
4205,3
4206,3
4207,2
4208,7
4209,9
4210,8
4211,7
4212,8
4213,4
4214,1
4215,3
4216,9
4217,7
4218,1
4219,0
4220,7
4221,2
4222,4
4223,0
4224,3
4225,0
4226,3
4227,7
4228,7
4229,0
4230,8
4231,2
4232,0
4233,5
4234,6
4235,2
4236,3
4237,8
4238,9
4239,6
4240,7
4241,0
4242,4
4243,8
4244,2
4245,7
4246,0
4247,5
4248,6
4249,5
4250,5
4251,7
4252,6
4253,3
4254,7
4255,2
4256,2
4257,1
4258,3
4259,1
4260,0
4261,4
4262,6
4263,6
4264,5
4265,7
4266,4
4267,9
4268,6
4269,5
4270,0
4271,9
4272,9
4273,4
4274,2
4275,8
4276,6
4277,4
4278,6
4279,4
4280,6
4281,3
4282,6
4283,6
4284,8
4285,9
4286,4
4287,1
4288,3
4289,6
4290,1
4291,0
4292,1
4293,5
4294,7
4295,1
4296,4
4297,1
4298,7
4299,2
4300,2
4301,2
4302,6
4303,6
4304,6
4305,1
4306,8
4307,4
4308,5
4309,2
4310,0
4311,9
4312,6
4313,6
4314,6
4315,5
4316,9
4317,5
4318,5
4319,4
4320,3
4321,5
4322,0
4323,9
4324,1
4325,3
4326,1
4327,3
4328,1
4329,1
4330,1
4331,9
4332,2
4333,2
4334,6
4335,3
4336,7
4337,5
4338,1
4339,9
4340,4
4341,4
4342,5
4343,3
4344,4
4345,2
4346,0
4347,0
4348,8
4349,8
4350,8
4351,8
4352,0
4353,3
4354,1
4355,3
4356,2
4357,4
4358,5
4359,7
4360,6
4361,6
4362,6
4363,7
4364,2
4365,9
4366,3
4367,7
4368,4
4369,4
4370,6
4371,2
4372,1
4373,7
4374,6
4375,5
4376,2
4377,8
4378,8
4379,4
4380,9
4381,1
4382,4
4383,4
4384,8
4385,4
4386,6
4387,3
4388,5
4389,0
4390,3
4391,0
4392,4
4393,0
4394,5
4395,1
4396,8
4397,9
4398,9
4399,9
4400,6
4401,3
4402,3
4403,9
4404,6
4405,2
4406,6
4407,6
4408,7
4409,0
4410,5
4411,1
4412,6
4413,4
4414,9
4415,2
4416,5
4417,6
4418,1
4419,9
4420,5
4421,5
4422,6
4423,0
4424,6
4425,6
4426,8
4427,0
4428,4
4429,8
4430,9
4431,6
4432,6
4433,9
4434,0
4435,3
4436,4
4437,5
4438,8
4439,0
4440,6
4441,0
4442,3
4443,1
4444,4
4445,3
4446,4
4447,4
4448,7
4449,6
4450,1
4451,5
4452,7
4453,2
4454,5
4455,5
4456,3
4457,0
4458,6
4459,3
4460,6
4461,0
4462,2
4463,4
4464,1
4465,9
4466,5
4467,3
4468,2
4469,0
4470,0
4471,0
4472,5
4473,2
4474,5
4475,4
4476,8
4477,7
4478,4
4479,0
4480,3
4481,4
4482,0
4483,2
4484,3
4485,9
4486,6
4487,3
4488,2
4489,8
4490,4
4491,8
4492,4
4493,6
4494,0
4495,6
4496,7
4497,2
4498,3
4499,7
4500,2
4501,9
4502,7
4503,6
4504,0
4505,7
4506,1
4507,5
4508,3
4509,9
4510,7
4511,1
4512,3
4513,4
4514,8
4515,1
4516,8
4517,9
4518,8
4519,7
4520,1
4521,6
4522,5
4523,5
4524,5
4525,0
4526,0
4527,7
4528,4
4529,2
4530,6
4531,8
4532,5
4533,0
4534,1
4535,4
4536,7
4537,0
4538,9
4539,7
4540,9
4541,4
4542,9
4543,9
4544,4
4545,2
4546,0
4547,5
4548,8
4549,1
4550,5
4551,2
4552,3
4553,2
4554,7
4555,4
4556,4
4557,7
4558,8
4559,9
4560,9
4561,0
4562,6
4563,9
4564,2
4565,1
4566,8
4567,6
4568,3
4569,0
4570,2
4571,0
4572,6
4573,2
4574,5
4575,5
4576,3
4577,3
4578,4
4579,5
4580,1
4581,6
4582,9
4583,5
4584,6
4585,4
4586,6
4587,1
4588,6
4589,5
4590,4
4591,8
4592,7
4593,5
4594,4
4595,1
4596,0
4597,3
4598,9
4599,9
4600,7
4601,8
4602,9
4603,1
4604,3
4605,0
4606,3
4607,7
4608,7
4609,8
4610,5
4611,2
4612,6
4613,5
4614,2
4615,5
4616,6
4617,4
4618,5
4619,2
4620,0
4621,9
4622,3
4623,4
4624,0
4625,3
4626,6
4627,5
4628,8
4629,1
4630,9
4631,6
4632,1
4633,4
4634,6
4635,9
4636,2
4637,7
4638,2
4639,2
4640,1
4641,1
4642,9
4643,7
4644,3
4645,2
4646,6
4647,3
4648,0
4649,7
4650,6
4651,7
4652,4
4653,0
4654,9
4655,1
4656,2
4657,4
4658,2
4659,4
4660,6
4661,9
4662,0
4663,8
4664,1
4665,7
4666,6
4667,2
4668,2
4669,7
4670,1
4671,3
4672,9
4673,9
4674,5
4675,1
4676,9
4677,6
4678,9
4679,9
4680,5
4681,1
4682,5
4683,7
4684,2
4685,5
4686,1
4687,4
4688,3
4689,7
4690,6
4691,7
4692,3
4693,9
4694,8
4695,8
4696,5
4697,7
4698,3
4699,1
4700,6
4701,2
4702,5
4703,3
4704,7
4705,7
4706,9
4707,5
4708,9
4709,1
4710,5
4711,1
4712,4
4713,6
4714,8
4715,3
4716,1
4717,2
4718,1
4719,2
4720,7
4721,8
4722,6
4723,6
4724,3
4725,6
4726,9
4727,3
4728,6
4729,2
4730,8
4731,7
4732,4
4733,8
4734,3
4735,8
4736,0
4737,7
4738,9
4739,9
4740,7
4741,3
4742,1
4743,3
4744,7
4745,3
4746,2
4747,3
4748,1
4749,5
4750,2
4751,7
4752,5
4753,4
4754,6
4755,1
4756,3
4757,3
4758,4
4759,0
4760,2
4761,2
4762,5
4763,7
4764,3
4765,1
4766,0
4767,6
4768,9
4769,8
4770,7
4771,8
4772,0
4773,1
4774,5
4775,8
4776,4
4777,8
4778,8
4779,0
4780,2
4781,0
4782,2
4783,1
4784,2
4785,8
4786,9
4787,5
4788,3
4789,2
4790,4
4791,0
4792,9
4793,9
4794,0
4795,3
4796,8
4797,5
4798,6
4799,4
4800,0
4801,3
4802,7
4803,4
4804,5
4805,6
4806,9
4807,6
4808,6
4809,7
4810,8
4811,1
4812,6
4813,5
4814,3
4815,3
4816,2
4817,2
4818,1
4819,4
4820,0
4821,1
4822,6
4823,8
4824,3
4825,8
4826,6
4827,3
4828,7
4829,5
4830,3
4831,6
4832,3
4833,6
4834,6
4835,8
4836,8
4837,0
4838,1
4839,1
4840,8
4841,1
4842,0
4843,6
4844,6
4845,1
4846,5
4847,0
4848,4
4849,9
4850,0
4851,2
4852,9
4853,2
4854,9
4855,9
4856,1
4857,0
4858,0
4859,2
4860,0
4861,5
4862,3
4863,1
4864,4
4865,7
4866,4
4867,3
4868,8
4869,0
4870,9
4871,1
4872,8
4873,9
4874,1
4875,9
4876,7
4877,7
4878,4
4879,9
4880,5
4881,9
4882,6
4883,0
4884,6
4885,3
4886,0
4887,6
4888,7
4889,3
4890,5
4891,0
4892,6
4893,5
4894,6
4895,7
4896,0
4897,9
4898,9
4899,3
4900,3
4901,7
4902,1
4903,9
4904,6
4905,3
4906,1
4907,3
4908,7
4909,1
4910,9
4911,1
4912,5
4913,2
4914,1
4915,5
4916,2
4917,3
4918,4
4919,0
4920,0
4921,2
4922,1
4923,0
4924,0
4925,0
4926,5
4927,3
4928,7
4929,5
4930,0
4931,9
4932,6
4933,0
4934,2
4935,6
4936,0
4937,1
4938,6
4939,0
4940,1
4941,0
4942,3
4943,3
4944,0
4945,5
4946,8
4947,0
4948,8
4949,2
4950,7
4951,8
4952,6
4953,5
4954,7
4955,2
4956,1
4957,8
4958,8
4959,9
4960,1
4961,5
4962,1
4963,7
4964,6
4965,9
4966,6
4967,4
4968,1
4969,7
4970,4
4971,8
4972,8
4973,2
4974,8
4975,4
4976,1
4977,9
4978,1
4979,5
4980,5
4981,0
4982,4
4983,6
4984,9
4985,1
4986,0
4987,1
4988,8
4989,1
4990,8
4991,1
4992,0
4993,4
4994,0
4995,0
4996,1
4997,7
4998,1
4999,8
