task,truth
5784,0
7527,0
9606,0
5375,0
5756,0
1122,1
9413,0
4651,1
9502,0
5346,0
2691,1
2494,1
9922,0
3397,1
3724,1
3996,1
8913,0
8525,0
2019,1
6115,0
9242,0
1346,1
10087,0
9977,0
7700,0
9270,0
6559,0
4349,1
44,1
1003,1
8499,0
256,1
6209,0
4869,1
277,1
2988,1
9583,0
1493,1
1099,1
434,1
2458,1
10228,0
7491,0
8997,0
1448,1
8179,0
4935,1
3457,1
4664,1
8768,0
5241,0
9715,0
2832,1
1014,1
4625,1
2398,1
10272,0
2358,1
909,1
7966,0
1067,1
2535,1
5157,1
2065,1
6443,0
1386,1
9370,0
8104,0
3387,1
4871,1
5097,1
4825,1
7202,0
10368,0
6004,0
800,1
3345,1
5149,1
9390,0
3190,1
2421,1
6679,0
4966,1
10001,0
5309,0
2576,1
1373,1
1803,1
4742,1
1542,1
7481,0
4370,1
8535,0
5667,0
4273,1
6229,0
6389,0
7788,0
5210,1
3390,1
7765,0
1190,1
4927,1
10193,0
3715,1
7615,0
1594,1
8282,0
5272,0
9013,0
96,1
1050,1
7146,0
7971,0
8623,0
8898,0
5604,0
8826,0
3337,1
6583,0
336,1
688,1
5655,0
9792,0
6036,0
2175,1
1401,1
9630,0
495,1
3184,1
3835,1
1410,1
4795,1
9409,0
8713,0
2461,1
1226,1
5185,1
4970,1
11,1
9689,0
4659,1
4344,1
5462,0
5681,0
5682,0
5762,0
8548,0
8193,0
5137,1
388,1
3990,1
2073,1
664,1
6363,0
4765,1
9845,0
9675,0
6002,0
811,1
3585,1
3154,1
8581,0
6328,0
7715,0
8147,0
8803,0
10350,0
5369,0
7157,0
6458,0
1671,1
3478,1
6980,0
3930,1
4873,1
6911,0
5136,1
4404,1
9621,0
3837,1
7872,0
8087,0
8982,0
7343,0
3121,1
6900,0
2670,1
1453,1
4537,1
4499,1
7143,0
9284,0
9137,0
2891,1
5363,0
6941,0
4667,1
8392,0
7965,0
1780,1
10427,0
7927,0
9996,0
6938,0
4045,1
3728,1
219,1
9353,0
6187,0
3825,1
3012,1
1456,1
10015,0
1713,1
5308,0
560,1
3842,1
9103,0
2017,1
3545,1
5914,0
8705,0
3149,1
3108,1
4624,1
1684,1
424,1
3375,1
1290,1
4145,1
8125,0
2741,1
8328,0
3780,1
7423,0
975,1
323,1
4437,1
9910,0
4570,1
8865,0
1221,1
2472,1
2277,1
875,1
9769,0
7845,0
7479,0
5581,0
1805,1
2305,1
3342,1
6171,0
7593,0
8871,0
2983,1
7133,0
6161,0
3710,1
4243,1
10239,0
7764,0
5013,1
448,1
88,1
342,1
6433,0
6258,0
7906,0
5653,0
191,1
1588,1
6419,0
10308,0
7661,0
735,1
244,1
7776,0
576,1
1761,1
8847,0
3392,1
6183,0
565,1
5642,0
5418,0
1620,1
6573,0
7025,0
3730,1
1669,1
174,1
10402,0
1382,1
3596,1
4963,1
7307,0
6534,0
7147,0
183,1
4403,1
9078,0
3199,1
10056,0
6097,0
2340,1
7739,0
7689,0
7557,0
3631,1
1966,1
2465,1
5394,0
8694,0
2434,1
1900,1
9472,0
6575,0
6576,0
6544,0
3602,1
52,1
4042,1
1691,1
9327,0
733,1
4026,1
7322,0
701,1
1004,1
1489,1
8699,0
523,1
5123,1
1982,1
8695,0
2813,1
7064,0
6174,0
6848,0
5823,0
3958,1
8217,0
4054,1
5413,0
8565,0
5847,0
7149,0
3498,1
8815,0
7829,0
3759,1
3299,1
4477,1
2950,1
7951,0
5634,0
2726,1
9875,0
6266,0
1797,1
98,1
2637,1
3945,1
1369,1
3158,1
6668,0
3247,1
3888,1
5737,0
5189,1
1736,1
3051,1
6971,0
6284,0
3559,1
6635,0
2989,1
4052,1
9749,0
2873,1
2444,1
3302,1
2643,1
8054,0
1343,1
4376,1
60,1
3610,1
2556,1
8344,0
1783,1
9507,0
2545,1
5750,0
9879,0
807,1
3854,1
9998,0
3126,1
7636,0
9541,0
588,1
3741,1
4736,1
6970,0
112,1
5404,0
7008,0
257,1
9007,0
2641,1
2858,1
3173,1
2510,1
5857,0
10013,0
8315,0
7547,0
1117,1
8576,0
10053,0
10143,0
2866,1
6936,0
5158,1
5493,0
7862,0
4633,1
6537,0
4109,1
1298,1
3944,1
128,1
8782,0
3391,1
5090,1
9311,0
2099,1
6131,0
4759,1
4685,1
231,1
4870,1
1203,1
2732,1
2334,1
9317,0
4916,1
1511,1
6958,0
3456,1
7065,0
1550,1
5649,0
10431,0
4934,1
4110,1
7165,0
8012,0
7370,0
5705,0
1287,1
6852,0
3085,1
1562,1
8979,0
6940,0
9545,0
5063,1
2438,1
3716,1
3590,1
6519,0
618,1
149,1
8996,0
4939,1
5279,0
2427,1
2147,1
1920,1
3123,1
4708,1
1168,1
7614,0
6464,0
2267,1
4028,1
2604,1
7814,0
456,1
4220,1
7929,0
4178,1
7361,0
4283,1
8132,0
7815,0
9757,0
4114,1
7286,0
3058,1
3365,1
7849,0
1043,1
10091,0
9145,0
3841,1
7475,0
1908,1
10278,0
6355,0
2346,1
9269,0
9462,0
6558,0
5851,0
6057,0
3432,1
2352,1
9784,0
1409,1
1241,1
6521,0
157,1
6786,0
937,1
7894,0
7810,0
8222,0
2210,1
9038,0
7066,0
1878,1
2915,1
2814,1
8704,0
6210,0
1394,1
10317,0
7639,0
5362,0
5250,0
1932,1
2477,1
2000,1
10120,0
682,1
3068,1
2672,1
3548,1
7381,0
2811,1
3249,1
1136,1
7833,0
9200,0
7139,0
294,1
2423,1
2259,1
6535,0
6246,0
6783,0
7500,0
1090,1
6965,0
8175,0
3,1
26,1
10034,0
59,1
3707,1
8329,0
724,1
298,1
2105,1
6588,0
10167,0
8885,0
430,1
3346,1
10319,0
9902,0
7783,0
5098,1
7659,0
8591,0
725,1
10296,0
3689,1
4435,1
9653,0
5141,1
3604,1
3038,1
8508,0
1552,1
5280,0
9905,0
1328,1
2817,1
2693,1
5767,0
9249,0
9260,0
7420,0
387,1
769,1
5470,0
7447,0
3250,1
9828,0
8427,0
10326,0
4128,1
8748,0
5398,0
4192,1
10408,0
7228,0
935,1
10133,0
6492,0
90,1
10419,0
4912,1
2027,1
285,1
8749,0
10003,0
7871,0
681,1
1821,1
4465,1
1847,1
10373,0
913,1
10216,0
9953,0
8194,0
6672,0
677,1
760,1
947,1
221,1
6329,0
9477,0
4698,1
1975,1
9925,0
10076,0
7758,0
5880,0
5948,0
389,1
7887,0
3760,1
4265,1
6457,0
5776,0
1102,1
4454,1
271,1
9839,0
6676,0
3028,1
2837,1
5686,0
8379,0
6703,0
9021,0
9446,0
4100,1
487,1
7632,0
5543,0
3421,1
850,1
1731,1
1013,1
1418,1
10420,0
3060,1
165,1
6924,0
1278,1
9741,0
4409,1
236,1
5891,0
9927,0
10182,0
3978,1
1070,1
4757,1
2982,1
10300,0
7925,0
1355,1
2620,1
3840,1
3524,1
1566,1
3826,1
1935,1
5707,0
318,1
1778,1
8686,0
1788,1
2360,1
8370,0
9804,0
373,1
405,1
832,1
3021,1
10050,0
66,1
8858,0
8091,0
53,1
1970,1
1694,1
9762,0
5613,0
1222,1
5466,0
8287,0
7126,0
4479,1
5025,1
4158,1
1286,1
5247,0
7434,0
8761,0
924,1
7279,0
4504,1
2696,1
1187,1
6684,0
4090,1
9437,0
1356,1
1040,1
7107,0
7711,0
6491,0
6777,0
6087,0
7054,0
1439,1
5163,1
5275,0
4972,1
4521,1
6760,0
6665,0
51,1
799,1
10339,0
7563,0
7113,0
3680,1
6921,0
1029,1
8494,0
9900,0
7462,0
1782,1
5545,0
651,1
5420,0
8275,0
2678,1
7001,0
3677,1
9265,0
1019,1
3845,1
5635,0
3980,1
7652,0
1115,1
4822,1
6042,0
5656,0
8582,0
240,1
1258,1
9871,0
10166,0
1927,1
3887,1
2283,1
216,1
6121,0
2892,1
545,1
2137,1
4853,1
8679,0
253,1
4981,1
7896,0
6699,0
7090,0
7691,0
6827,0
5867,0
5478,0
6831,0
50,1
10407,0
9274,0
10314,0
8395,0
7261,0
1925,1
8050,0
7242,0
7076,0
2012,1
133,1
5507,0
2775,1
7123,0
7454,0
9702,0
1856,1
1069,1
500,1
4689,1
6271,0
741,1
747,1
5287,0
7932,0
6615,0
1553,1
6797,0
5631,0
9608,0
3636,1
1994,1
7560,0
1626,1
1641,1
3428,1
4153,1
8373,0
4517,1
8057,0
1245,1
4453,1
7267,0
8377,0
3217,1
399,1
5339,0
7134,0
700,1
3169,1
839,1
6542,0
5411,0
10425,0
6255,0
10205,0
123,1
1568,1
4573,1
9994,0
4645,1
4073,1
7907,0
4629,1
7672,0
2048,1
3293,1
3148,1
4956,1
4018,1
17,1
2212,1
3129,1
2442,1
1229,1
10037,0
1607,1
2342,1
9706,0
9623,0
2028,1
6474,0
1857,1
7515,0
8690,0
7373,0
5731,0
8897,0
4315,1
5772,0
10106,0
3207,1
7112,0
9217,0
5938,0
3579,1
7613,0
10388,0
9166,0
4535,1
9464,0
7070,0
8931,0
1031,1
9367,0
5126,1
2635,1
7662,0
2529,1
7496,0
4116,1
3328,1
503,1
5839,0
1785,1
2977,1
8941,0
4733,1
429,1
1133,1
5559,0
10194,0
3359,1
1928,1
3603,1
1809,1
8526,0
7148,0
3850,1
3407,1
3717,1
223,1
900,1
1889,1
7494,0
4150,1
2512,1
5826,0
5391,0
3310,1
7626,0
6765,0
6636,0
7055,0
4719,1
5093,1
6812,0
4656,1
2630,1
8765,0
963,1
3895,1
6357,0
4002,1
8214,0
8401,0
1083,1
9705,0
9921,0
6987,0
10430,0
794,1
1074,1
9625,0
8454,0
818,1
3834,1
4507,1
6552,0
2412,1
3099,1
1721,1
331,1
7155,0
9950,0
609,1
9685,0
3122,1
8622,0
3843,1
8316,0
7536,0
8693,0
8751,0
6023,0
7290,0
5854,0
2107,1
514,1
4316,1
1773,1
6285,0
8462,0
7263,0
3876,1
6153,0
15,1
7292,0
4377,1
6579,0
6800,0
9512,0
2659,1
3704,1
1529,1
10217,0
8476,0
5227,0
3233,1
7275,0
2471,1
6340,0
2909,1
1853,1
10211,0
9250,0
3046,1
9334,0
2142,1
10071,0
9829,0
8016,0
1841,1
5172,1
1384,1
3678,1
4484,1
6324,0
4696,1
9415,0
3514,1
8909,0
5166,1
8556,0
4031,1
245,1
2849,1
7388,0
2040,1
9716,0
6223,0
1408,1
5270,0
6612,0
1748,1
2309,1
5182,1
6798,0
4792,1
2184,1
1707,1
6799,0
2883,1
2616,1
3810,1
1577,1
6715,0
6644,0
1370,1
8026,0
9092,0
3519,1
4793,1
259,1
3114,1
3938,1
5799,0
6574,0
7184,0
6709,0
4448,1
3971,1
9165,0
290,1
4364,1
8918,0
10155,0
9520,0
8285,0
8952,0
9923,0
10260,0
10146,0
3311,1
3550,1
2812,1
489,1
2973,1
7707,0
2600,1
8721,0
4513,1
3094,1
8631,0
10387,0
8324,0
9054,0
7257,0
7016,0
2086,1
10210,0
4397,1
7166,0
8919,0
8538,0
4189,1
4008,1
6708,0
1510,1
912,1
695,1
9599,0
5314,0
7246,0
5638,0
5347,0
1211,1
9463,0
3510,1
9366,0
1483,1
7958,0
8305,0
2645,1
6506,0
7086,0
103,1
706,1
9106,0
653,1
7728,0
2206,1
9974,0
1543,1
1753,1
1738,1
8064,0
4458,1
9834,0
3679,1
4735,1
7537,0
1545,1
1880,1
232,1
1549,1
8038,0
4311,1
6437,0
3119,1
127,1
2966,1
9051,0
2371,1
306,1
5769,0
3382,1
5646,0
9591,0
1049,1
8154,0
5452,0
4860,1
9884,0
4046,1
5354,0
3765,1
2748,1
1157,1
6303,0
3292,1
8714,0
6226,0
6959,0
5079,1
6395,0
4251,1
10164,0
6141,0
6476,0
2426,1
2478,1
5146,1
9,1
3306,1
6879,0
1236,1
10432,0
7170,0
4179,1
8656,0
2593,1
1537,1
4958,1
7461,0
1397,1
9163,0
3418,1
3939,1
1998,1
7861,0
3788,1
4880,1
2315,1
9072,0
9148,0
2900,1
6968,0
9411,0
3962,1
7895,0
889,1
2411,1
1106,1
10119,0
9412,0
1442,1
894,1
679,1
9492,0
4635,1
9647,0
64,1
5958,0
5735,0
5208,1
4155,1
8008,0
5970,0
509,1
6155,0
6680,0
3489,1
7693,0
5000,1
6916,0
466,1
5156,1
9097,0
7208,0
960,1
2541,1
2337,1
7364,0
599,1
7325,0
3171,1
4401,1
914,1
10346,0
5120,1
5464,0
629,1
385,1
1730,1
3820,1
6387,0
481,1
8596,0
7582,0
6360,0
2114,1
8602,0
5658,0
6651,0
9666,0
2577,1
2204,1
4771,1
6600,0
4267,1
7225,0
4938,1
6571,0
6390,0
5012,1
8955,0
3569,1
1712,1
462,1
4312,1
9782,0
8537,0
7394,0
5288,0
6645,0
4721,1
9419,0
3029,1
697,1
6075,0
1781,1
6185,0
6194,0
8073,0
169,1
10085,0
9444,0
3181,1
1084,1
180,1
10291,0
10175,0
7518,0
864,1
4245,1
1810,1
303,1
426,1
5554,0
4630,1
3324,1
6200,0
7354,0
5986,0
1635,1
9538,0
5932,0
8870,0
4560,1
3859,1
1317,1
2339,1
5676,0
1899,1
8890,0
8024,0
4288,1
3824,1
8237,0
9632,0
4280,1
14,1
5878,0
6894,0
410,1
8595,0
5926,0
4190,1
8672,0
2538,1
8689,0
4950,1
7874,0
7316,0
5928,0
8789,0
2509,1
1300,1
3224,1
4920,1
1420,1
4701,1
5853,0
7357,0
7201,0
5236,0
3774,1
2651,1
6472,0
4183,1
5724,0
8597,0
6550,0
2567,1
8667,0
6999,0
8032,0
9099,0
5757,0
2357,1
3183,1
10316,0
4510,1
5023,1
5088,1
9742,0
3897,1
1747,1
10107,0
1827,1
7019,0
6313,0
773,1
5933,0
9120,0
5219,1
5379,0
1449,1
8055,0
3355,1
7438,0
2761,1
6989,0
3867,1
6778,0
4423,1
743,1
3079,1
1844,1
7271,0
9890,0
6459,0
4995,1
124,1
6054,0
8269,0
2810,1
8804,0
2998,1
2938,1
979,1
4196,1
6079,0
5459,0
8260,0
2583,1
6884,0
475,1
5494,0
4480,1
10125,0
10204,0
3444,1
9403,0
9789,0
5285,0
8914,0
9817,0
5859,0
6334,0
3972,1
2611,1
194,1
8838,0
982,1
2582,1
9878,0
5255,0
5802,0
8521,0
3531,1
3574,1
4961,1
7736,0
630,1
7219,0
8796,0
5301,0
8213,0
7590,0
6410,0
94,1
7696,0
5502,0
7981,0
3925,1
4621,1
1217,1
7716,0
8486,0
9362,0
5790,0
2238,1
7985,0
7067,0
6294,0
6251,0
3791,1
7674,0
1377,1
2112,1
8452,0
8963,0
3754,1
8479,0
478,1
7346,0
8343,0
8295,0
9069,0
295,1
4171,1
3670,1
3453,1
5877,0
5913,0
9022,0
878,1
407,1
1137,1
7609,0
2885,1
4126,1
9352,0
1946,1
130,1
4378,1
4494,1
9842,0
6888,0
8876,0
1242,1
1498,1
5640,0
508,1
9851,0
3712,1
42,1
765,1
5861,0
8994,0
10126,0
4478,1
9337,0
4978,1
1257,1
2739,1
9037,0
1132,1
6744,0
1612,1
6932,0
9775,0
6369,0
9091,0
307,1
8916,0
4571,1
1812,1
1638,1
4320,1
4393,1
8927,0
9528,0
9961,0
10345,0
550,1
7738,0
5273,0
3560,1
7979,0
7791,0
846,1
5495,0
713,1
726,1
2862,1
442,1
2699,1
2021,1
1396,1
3493,1
6803,0
8279,0
363,1
9440,0
5883,0
5610,0
2911,1
479,1
3128,1
6254,0
4813,1
4660,1
6509,0
971,1
3800,1
3646,1
1212,1
3642,1
10281,0
2587,1
1421,1
943,1
2160,1
1390,1
1555,1
2,1
9135,0
5282,0
10072,0
1949,1
5771,0
6069,0
362,1
204,1
1128,1
3786,1
2585,1
3501,1
863,1
3645,1
201,1
9720,0
10323,0
176,1
10329,0
557,1
2007,1
6790,0
8855,0
8978,0
3914,1
87,1
1642,1
8142,0
7561,0
8607,0
750,1
3011,1
9503,0
6877,0
3951,1
2226,1
8469,0
5817,0
584,1
1430,1
3339,1
3801,1
2508,1
7038,0
7564,0
6547,0
10140,0
6824,0
1146,1
931,1
2506,1
8072,0
6055,0
3332,1
10298,0
5269,0
1613,1
3794,1
3558,1
5080,1
8346,0
4443,1
7898,0
7110,0
6218,0
4717,1
5447,0
5119,1
4891,1
8447,0
1833,1
8446,0
10127,0
3147,1
6086,0
7102,0
1855,1
4371,1
5264,0
461,1
5516,0
1478,1
501,1
7892,0
8083,0
5465,0
8357,0
8989,0
6133,0
4585,1
6292,0
432,1
1228,1
573,1
5788,0
4165,1
10080,0
1109,1
6905,0
707,1
5104,1
8958,0
5350,0
2235,1
5124,1
5299,0
3969,1
4715,1
5961,0
3617,1
8218,0
7465,0
5170,1
7507,0
7850,0
7237,0
10063,0
719,1
4173,1
4937,1
1973,1
4709,1
8129,0
5139,1
8564,0
7276,0
8899,0
6310,0
10058,0
9303,0
10287,0
4575,1
1958,1
9888,0
2013,1
2572,1
3992,1
8669,0
10171,0
6742,0
9660,0
6445,0
5841,0
6044,0
5845,0
8425,0
9209,0
604,1
600,1
122,1
737,1
4752,1
5184,1
1533,1
5586,0
8097,0
6730,0
7699,0
8753,0
2403,1
6627,0
7013,0
8489,0
6832,0
97,1
8940,0
8943,0
3861,1
1340,1
9678,0
4467,1
8828,0
8326,0
8082,0
8874,0
173,1
9760,0
3965,1
1756,1
6408,0
5081,1
10199,0
136,1
1806,1
4564,1
5190,1
1716,1
3014,1
1010,1
7178,0
5770,0
4017,1
6639,0
5313,0
956,1
3132,1
1165,1
1814,1
7857,0
33,1
1943,1
7488,0
1824,1
4081,1
8942,0
8692,0
9646,0
151,1
6763,0
6602,0
3623,1
7785,0
3475,1
9838,0
8487,0
2720,1
6707,0
7437,0
7618,0
7077,0
3512,1
1535,1
4233,1
5590,0
2747,1
5327,0
4883,1
200,1
1001,1
10111,0
2826,1
9219,0
3946,1
3109,1
9280,0
2721,1
3020,1
5338,0
5787,0
6139,0
4430,1
8779,0
8516,0
3552,1
3833,1
9808,0
844,1
4764,1
4282,1
164,1
1915,1
499,1
9442,0
2020,1
10081,0
6712,0
4176,1
4257,1
9491,0
8629,0
7524,0
10172,0
5468,0
10331,0
10215,0
6876,0
1275,1
749,1
7908,0
1840,1
891,1
4047,1
7726,0
7299,0
1539,1
5412,0
2952,1
3921,1
4362,1
498,1
9732,0
9550,0
7770,0
6530,0
5542,0
5990,0
8795,0
8511,0
81,1
8113,0
9417,0
9857,0
8719,0
8337,0
8752,0
10249,0
8650,0
3564,1
8474,0
556,1
4561,1
1869,1
4112,1
10224,0
1248,1
9473,0
6620,0
5336,0
1385,1
1380,1
2828,1
4355,1
4172,1
5564,0
1604,1
8433,0
5912,0
4810,1
7519,0
3429,1
8961,0
2598,1
5444,0
8402,0
4056,1
6990,0
709,1
480,1
4541,1
6663,0
7734,0
278,1
1881,1
2213,1
7191,0
2161,1
5698,0
9143,0
213,1
9928,0
3307,1
1147,1
161,1
6855,0
2806,1
1563,1
4501,1
292,1
7853,0
3225,1
5677,0
1969,1
3101,1
5421,0
8645,0
5925,0
7873,0
9523,0
338,1
8666,0
9543,0
8869,0
8691,0
656,1
10343,0
8980,0
3281,1
8883,0
116,1
8174,0
7517,0
7392,0
2061,1
4977,1
2367,1
3228,1
10218,0
7601,0
2274,1
226,1
2363,1
561,1
1648,1
592,1
457,1
9210,0
6379,0
9899,0
10344,0
6182,0
10359,0
5626,0
7498,0
2855,1
3718,1
7153,0
9428,0
9402,0
7893,0
4526,1
8640,0
5175,1
7625,0
10304,0
1240,1
2198,1
8866,0
4605,1
2967,1
3683,1
1195,1
2208,1
3792,1
1960,1
7683,0
3212,1
4597,1
6022,0
283,1
6378,0
1993,1
696,1
365,1
650,1
3283,1
1828,1
1366,1
4307,1
438,1
3954,1
9197,0
1779,1
178,1
5866,0
6031,0
7608,0
4198,1
8187,0
9485,0
9781,0
5142,1
3174,1
6779,0
4879,1
4,1
9969,0
1141,1
9063,0
4599,1
8579,0
4623,1
4184,1
155,1
4278,1
7649,0
7891,0
9179,0
4889,1
7761,0
6549,0
5304,0
4865,1
5043,1
3638,1
8443,0
9372,0
907,1
2772,1
3955,1
5315,0
9406,0
8131,0
1181,1
1792,1
6731,0
5806,0
5458,0
7087,0
5105,1
4469,1
9688,0
8720,0
8992,0
2127,1
8903,0
2450,1
9466,0
10082,0
8381,0
2551,1
5529,0
8884,0
3533,1
4522,1
7171,0
1654,1
5849,0
4550,1
4878,1
286,1
8169,0
7733,0
4989,1
8314,0
9603,0
2563,1
7657,0
4565,1
10374,0
9040,0
7990,0
663,1
2069,1
1432,1
10288,0
4725,1
1256,1
5144,1
8939,0
8358,0
3370,1
9870,0
8199,0
9271,0
1910,1
5685,0
6946,0
7885,0
7453,0
10187,0
7456,0
3544,1
1429,1
6984,0
5560,0
1186,1
4512,1
5218,1
4820,1
3449,1
9509,0
4601,1
2974,1
2546,1
4094,1
3201,1
689,1
6659,0
8156,0
6821,0
6337,0
6177,0
7374,0
9880,0
8254,0
3787,1
9729,0
10261,0
3764,1
6883,0
6590,0
7543,0
10137,0
8558,0
541,1
5814,0
6486,0
5881,0
2992,1
1488,1
2255,1
3424,1
1956,1
243,1
920,1
68,1
3989,1
8099,0
5463,0
2300,1
3561,1
3127,1
2111,1
7274,0
8215,0
5636,0
5405,0
5443,0
3459,1
8703,0
7941,0
666,1
8646,0
10362,0
10219,0
7723,0
5987,0
5693,0
6344,0
3362,1
7489,0
8297,0
6997,0
4007,1
9940,0
7808,0
7477,0
6891,0
8810,0
5353,0
4862,1
6951,0
9126,0
6025,0
2058,1
4554,1
4030,1
1121,1
929,1
6587,0
5111,1
1983,1
10156,0
4577,1
6325,0
8451,0
3196,1
1492,1
9580,0
376,1
1508,1
3595,1
4204,1
7332,0
7466,0
596,1
4943,1
8460,0
2054,1
6053,0
7811,0
7701,0
3766,1
7231,0
5233,0
2675,1
4547,1
2093,1
9613,0
5568,0
7265,0
1519,1
5976,0
3057,1
6166,0
908,1
9448,0
4442,1
5960,0
7060,0
6510,0
2312,1
186,1
8493,0
8423,0
8842,0
3297,1
1521,1
2709,1
3849,1
272,1
3769,1
5967,0
6830,0
2364,1
6825,0
4091,1
994,1
8238,0
8390,0
7243,0
4990,1
10342,0
5028,1
1341,1
7156,0
7283,0
9016,0
4574,1
3625,1
9316,0
9301,0
3063,1
10066,0
4979,1
3176,1
7928,0
766,1
2501,1
7706,0
8736,0
3208,1
8926,0
7959,0
4263,1
3398,1
6077,0
5874,0
5091,1
5482,0
8636,0
5641,0
10354,0
9771,0
9434,0
3807,1
9314,0
6413,0
1368,1
4445,1
3193,1
3593,1
6735,0
9420,0
5165,1
1289,1
2077,1
3412,1
9833,0
1905,1
7324,0
4533,1
2345,1
6428,0
980,1
5215,1
7137,0
8998,0
2665,1
817,1
9780,0
4105,1
7436,0
10022,0
3756,1
9048,0
3814,1
3912,1
4776,1
4840,1
4197,1
6203,0
2681,1
1071,1
7108,0
5711,0
9308,0
4195,1
3608,1
8232,0
5856,0
6962,0
9279,0
9707,0
8018,0
5959,0
7863,0
5525,0
5008,1
8350,0
8184,0
6193,0
6808,0
2243,1
284,1
9386,0
2764,1
6123,0
5095,1
4782,1
962,1
5492,0
675,1
7403,0
1884,1
1252,1
6504,0
7974,0
1209,1
7104,0
4681,1
1653,1
9381,0
2068,1
6231,0
8312,0
1198,1
6861,0
7247,0
7037,0
4848,1
6656,0
3984,1
2139,1
6011,0
1793,1
4337,1
6186,0
8615,0
7295,0
7043,0
4628,1
3314,1
5753,0
346,1
8159,0
5520,0
419,1
1233,1
5112,1
3396,1
8276,0
8837,0
625,1
3782,1
7858,0
4082,1
2313,1
4200,1
2565,1
7238,0
3227,1
9657,0
5082,1
7703,0
8756,0
7856,0
9075,0
2949,1
4655,1
2353,1
10135,0
8875,0
6244,0
5021,1
1413,1
9669,0
3917,1
6082,0
237,1
6714,0
8968,0
5089,1
2070,1
9691,0
7954,0
2091,1
5024,1
4281,1
6003,0
2751,1
1235,1
2428,1
8028,0
1634,1
4590,1
6512,0
3523,1
922,1
351,1
2733,1
7218,0
4117,1
8435,0
2493,1
617,1
4064,1
7710,0
7516,0
6239,0
8351,0
5556,0
5781,0
1800,1
8394,0
6810,0
4089,1
9537,0
4609,1
2365,1
4839,1
2303,1
1546,1
5782,0
6033,0
6220,0
9843,0
837,1
9811,0
4424,1
4194,1
631,1
10349,0
2711,1
10188,0
7950,0
4199,1
6095,0
5544,0
6107,0
6882,0
4812,1
6954,0
1250,1
5176,1
684,1
7569,0
2872,1
4414,1
428,1
1051,1
2799,1
1742,1
2302,1
10353,0
5777,0
10356,0
553,1
4670,1
3586,1
4237,1
9635,0
9295,0
2084,1
5345,0
9949,0
95,1
3393,1
4130,1
1526,1
371,1
9199,0
7471,0
2553,1
8374,0
2867,1
9031,0
364,1
1570,1
6147,0
5487,0
1388,1
1963,1
5935,0
778,1
6697,0
9164,0
887,1
1686,1
605,1
10011,0
9979,0
3505,1
5597,0
3157,1
5330,0
8987,0
1393,1
6305,0
1725,1
6400,0
1624,1
8378,0
10032,0
5128,1
2519,1
3465,1
4167,1
2504,1
6374,0
9167,0
7256,0
3693,1
1434,1
8014,0
710,1
7844,0
3949,1
7400,0
1514,1
2344,1
6613,0
5875,0
10104,0
9968,0
4382,1
4339,1
9088,0
5242,0
6052,0
10128,0
4416,1
1039,1
2239,1
5647,0
1971,1
4652,1
2689,1
1335,1
7371,0
1351,1
1735,1
5587,0
4884,1
6806,0
8562,0
5713,0
7210,0
9018,0
9931,0
2742,1
7450,0
10399,0
8544,0
4248,1
358,1
10176,0
655,1
6148,0
2325,1
7089,0
7665,0
9272,0
7802,0
10141,0
9518,0
5689,0
3817,1
2022,1
3696,1
3864,1
6858,0
1081,1
435,1
3479,1
2023,1
3378,1
2848,1
9607,0
7232,0
2743,1
10348,0
5504,0
7347,0
8263,0
798,1
7531,0
4373,1
3874,1
8957,0
2029,1
3740,1
583,1
1822,1
10415,0
9341,0
2109,1
2378,1
7024,0
5984,0
8910,0
7583,0
7023,0
9852,0
1404,1
1302,1
9995,0
8522,0
1811,1
9244,0
117,1
10410,0
1903,1
2296,1
28,1
4240,1
3118,1
6129,0
6566,0
6660,0
4619,1
10406,0
1722,1
620,1
30,1
3234,1
8375,0
3335,1
7240,0
1021,1
9230,0
8718,0
9475,0
7198,0
3746,1
3491,1
7619,0
9573,0
3219,1
8468,0
9913,0
10060,0
7419,0
2647,1
9867,0
2864,1
8466,0
222,1
5034,1
339,1
7580,0
4888,1
841,1
6345,0
2798,1
1868,1
4146,1
8619,0
6365,0
9750,0
7840,0
8840,0
4323,1
8965,0
1018,1
1668,1
1113,1
6887,0
4650,1
5842,0
4360,1
4001,1
9532,0
7074,0
3001,1
9338,0
3054,1
7349,0
3255,1
8785,0
9371,0
6160,0
2389,1
2196,1
7790,0
6828,0
8127,0
9571,0
2925,1
170,1
2316,1
8442,0
6914,0
3789,1
3197,1
6693,0
672,1
6263,0
8912,0
5766,0
1045,1
6214,0
2287,1
8568,0
1066,1
5785,0
1652,1
1516,1
1848,1
9453,0
10284,0
4234,1
8122,0
5064,1
6850,0
10201,0
1866,1
7712,0
7034,0
8545,0
7905,0
6833,0
6197,0
9248,0
248,1
9186,0
4266,1
1476,1
1144,1
4097,1
1331,1
7119,0
6594,0
4326,1
7007,0
2634,1
4569,1
3495,1
8925,0
7188,0
206,1
7135,0
6130,0
9967,0
6674,0
8086,0
7648,0
10279,0
1445,1
5484,0
7328,0
4734,1
2609,1
6243,0
6653,0
9204,0
2779,1
5988,0
10238,0
5612,0
988,1
3903,1
5774,0
5582,0
9671,0
1005,1
217,1
1765,1
5834,0
4400,1
10313,0
6788,0
7589,0
1933,1
7972,0
9346,0
5501,0
2920,1
1503,1
3940,1
9110,0
9997,0
7402,0
637,1
9189,0
1774,1
9787,0
6605,0
10134,0
2075,1
7432,0
9476,0
7698,0
8892,0
717,1
8366,0
5229,0
7415,0
8841,0
5748,0
5050,1
1749,1
1012,1
10068,0
8146,0
1156,1
2629,1
9432,0
2038,1
5890,0
3598,1
10197,0
6500,0
9422,0
5479,0
7800,0
108,1
527,1
8575,0
3893,1
9117,0
8266,0
3713,1
3832,1
767,1
8117,0
6397,0
6878,0
2548,1
6669,0
4025,1
8553,0
4988,1
8293,0
5621,0
167,1
3943,1
865,1
6963,0
622,1
4808,1
114,1
3877,1
2329,1
6461,0
8824,0
5761,0
2262,1
9047,0
1647,1
6463,0
5051,1
4413,1
4247,1
8480,0
9530,0
2650,1
9695,0
1834,1
3023,1
1815,1
7686,0
623,1
341,1
5548,0
5039,1
9936,0
1532,1
9080,0
5758,0
10208,0
9162,0
10234,0
9499,0
564,1
9926,0
209,1
43,1
5448,0
4108,1
9192,0
10247,0
1606,1
754,1
8950,0
3871,1
4758,1
1244,1
5709,0
1161,1
5392,0
843,1
6048,0
7056,0
2098,1
5403,0
7777,0
2200,1
9779,0
7118,0
4985,1
4930,1
4321,1
7630,0
9169,0
9856,0
5026,1
9628,0
1639,1
5324,0
4143,1
1904,1
4556,1
10428,0
4832,1
9025,0
1655,1
6299,0
3702,1
369,1
5943,0
730,1
5893,0
6128,0
8707,0
973,1
945,1
3948,1
4596,1
3096,1
45,1
4483,1
5892,0
4249,1
3189,1
8405,0
2705,1
3036,1
9895,0
2902,1
5351,0
7502,0
1159,1
3486,1
7731,0
6836,0
9093,0
7294,0
3656,1
9478,0
3508,1
6995,0
1699,1
3711,1
9887,0
2095,1
2769,1
9459,0
7934,0
3865,1
10105,0
8814,0
1540,1
2376,1
366,1
6902,0
3466,1
3858,1
4139,1
3910,1
3381,1
2910,1
3177,1
3909,1
1591,1
4133,1
4680,1
230,1
3367,1
2286,1
9790,0
1299,1
633,1
1777,1
1322,1
7629,0
5505,0
3521,1
5972,0
8003,0
8160,0
1171,1
1772,1
302,1
4495,1
5534,0
3426,1
10117,0
6866,0
8120,0
5388,0
1574,1
7058,0
3795,1
9294,0
7578,0
901,1
9375,0
7367,0
2865,1
2986,1
8551,0
7096,0
5467,0
636,1
7467,0
2245,1
669,1
8076,0
7875,0
8019,0
3095,1
3406,1
8821,0
1776,1
3202,1
9774,0
9540,0
5648,0
2717,1
5992,0
9161,0
5276,0
474,1
2094,1
575,1
4933,1
2964,1
4852,1
9597,0
6484,0
5715,0
1596,1
2773,1
6070,0
4763,1
3899,1
8739,0
3522,1
9495,0
4530,1
6514,0
5238,0
2808,1
5526,0
171,1
2145,1
3781,1
7250,0
4317,1
2409,1
3401,1
10264,0
517,1
8793,0
9535,0
10255,0
4491,1
2460,1
9132,0
1469,1
5225,0
6700,0
7378,0
8849,0
7376,0
10109,0
2362,1
7997,0
2523,1
4711,1
2006,1
10269,0
8894,0
6939,0
1850,1
2722,1
4566,1
6245,0
535,1
7533,0
9850,0
4697,1
9631,0
6513,0
8383,0
8219,0
477,1
3052,1
3667,1
1664,1
791,1
4928,1
10422,0
4124,1
5243,0
1482,1
5596,0
8811,0
1786,1
4768,1
5791,0
7830,0
1876,1
9624,0
2608,1
4844,1
10038,0
759,1
5378,0
8471,0
2155,1
5651,0
2343,1
4331,1
8319,0
4811,1
6167,0
453,1
8960,0
8415,0
4333,1
9919,0
9696,0
6184,0
6906,0
8990,0
1288,1
8934,0
4850,1
6136,0
2413,1
2702,1
5825,0
287,1
7282,0
7697,0
9357,0
2486,1
3614,1
660,1
4444,1
1872,1
8189,0
3434,1
7442,0
9522,0
469,1
3322,1
5077,1
6578,0
2575,1
4391,1
9874,0
3863,1
847,1
2746,1
4975,1
1087,1
10116,0
67,1
1271,1
1755,1
5019,1
1988,1
460,1
9394,0
4163,1
5688,0
2960,1
6606,0
7379,0
7628,0
1957,1
8313,0
4011,1
4365,1
1733,1
8075,0
1176,1
4926,1
2044,1
6072,0
1485,1
10265,0
5931,0
436,1
1859,1
9293,0
6691,0
8665,0
4236,1
9539,0
4875,1
2257,1
9226,0
4592,1
36,1
7690,0
7803,0
3164,1
7426,0
9515,0
659,1
3517,1
8261,0
853,1
8246,0
3828,1
4700,1
6422,0
35,1
7753,0
7075,0
6640,0
7743,0
2596,1
2685,1
6451,0
10235,0
7943,0
6860,0
3329,1
1285,1
2440,1
7750,0
2525,1
7435,0
10268,0
5441,0
3823,1
4070,1
5898,0
2383,1
6076,0
5603,0
568,1
8307,0
4014,1
7302,0
5018,1
4553,1
644,1
9125,0
8829,0
10042,0
590,1
9619,0
5998,0
7562,0
6405,0
7869,0
7769,0
6274,0
4946,1
2162,1
7285,0
6277,0
9914,0
4713,1
4949,1
4074,1
7801,0
6740,0
5836,0
6005,0
7713,0
10412,0
9672,0
751,1
4527,1
6864,0
6863,0
1727,1
3102,1
86,1
1673,1
699,1
2985,1
4528,1
5876,0
9458,0
1605,1
2908,1
5807,0
7667,0
8296,0
1586,1
1953,1
5041,1
5821,0
9436,0
4683,1
8163,0
7216,0
7825,0
9073,0
2356,1
2156,1
7223,0
780,1
6304,0
2965,1
1817,1
3082,1
10245,0
3333,1
7525,0
8309,0
10421,0
8923,0
9703,0
936,1
1500,1
4762,1
7459,0
5583,0
10379,0
6435,0
4802,1
1443,1
5383,0
3033,1
3703,1
5509,0
8593,0
7548,0
9081,0
4166,1
8456,0
3258,1
848,1
439,1
1564,1
8385,0
9310,0
4543,1
10083,0
4188,1
9150,0
1952,1
3187,1
4965,1
4407,1
6775,0
4593,1
1947,1
9868,0
2656,1
5115,1
1367,1
8497,0
9916,0
5193,1
142,1
5007,1
493,1
23,1
665,1
3477,1
2800,1
6215,0
5840,0
1724,1
871,1
2698,1
8860,0
5340,0
5416,0
6919,0
3737,1
2103,1
3030,1
2590,1
3267,1
692,1
3200,1
4882,1
1028,1
9225,0
2932,1
1058,1
4747,1
1188,1
6449,0
1269,1
7936,0
265,1
646,1
9481,0
10275,0
3053,1
9999,0
7762,0
2153,1
2062,1
4149,1
9830,0
9574,0
1603,1
1101,1
4015,1
985,1
1391,1
6652,0
1428,1
7173,0
9017,0
8453,0
8999,0
7503,0
7781,0
8490,0
8360,0
8938,0
3568,1
5181,1
3672,1
8335,0
9918,0
383,1
7333,0
2690,1
993,1
7587,0
5618,0
6507,0
1651,1
242,1
291,1
3632,1
2335,1
2096,1
7512,0
10122,0
7180,0
999,1
4217,1
8993,0
6655,0
6351,0
4531,1
9149,0
7136,0
6609,0
137,1
4289,1
3317,1
6726,0
8783,0
1837,1
63,1
2152,1
6972,0
2190,1
9281,0
9929,0
5445,0
5783,0
2640,1
7483,0
10392,0
6769,0
6711,0
8541,0
1038,1
3358,1
5870,0
815,1
6764,0
7799,0
2601,1
1123,1
2903,1
5819,0
4924,1
10236,0
9383,0
5725,0
7772,0
7144,0
1052,1
4211,1
5133,1
2281,1
5994,0
3316,1
918,1
447,1
5716,0
3928,1
1475,1
7627,0
1243,1
4034,1
7820,0
3264,1
1627,1
10295,0
317,1
9906,0
3809,1
3130,1
381,1
9644,0
10335,0
7599,0
9677,0
8843,0
3192,1
3671,1
6820,0
3349,1
1703,1
10325,0
1179,1
372,1
5691,0
4841,1
1491,1
3739,1
9810,0
1436,1
9026,0
1754,1
6998,0
332,1
1644,1
7080,0
2252,1
3433,1
1324,1
9527,0
4012,1
3735,1
3758,1
6120,0
5380,0
7986,0
1769,1
9546,0
10035,0
2831,1
9009,0
8115,0
9719,0
8917,0
8830,0
7987,0
6654,0
4348,1
313,1
3450,1
5710,0
2026,1
1693,1
1554,1
5743,0
9221,0
2916,1
4831,1
3773,1
5855,0
4390,1
4244,1
7637,0
3291,1
7039,0
9596,0
9945,0
752,1
4261,1
9482,0
869,1
6207,0
8932,0
8240,0
1930,1
281,1
3688,1
1507,1
7421,0
2931,1
6603,0
7970,0
559,1
4003,1
835,1
9291,0
1398,1
1155,1
7291,0
1965,1
2528,1
6093,0
6633,0
5453,0
7486,0
2584,1
5832,0
1094,1
2231,1
1215,1
8393,0
3301,1
9516,0
5194,1
3160,1
6880,0
2361,1
3309,1
8229,0
2753,1
6320,0
3274,1
1515,1
9176,0
9739,0
526,1
10121,0
954,1
5557,0
5451,0
6523,0
7396,0
4785,1
4489,1
8808,0
2695,1
9206,0
5022,1
992,1
8327,0
974,1
3143,1
2592,1
739,1
6361,0
8735,0
1557,1
9798,0
8065,0
4617,1
797,1
8604,0
3830,1
9618,0
3320,1
4845,1
8962,0
2870,1
6268,0
10290,0
9944,0
6930,0
5844,0
4396,1
1103,1
3056,1
5429,0
3384,1
5262,0
1541,1
8886,0
6577,0
8445,0
4412,1
6974,0
6473,0
8306,0
4209,1
4253,1
981,1
7362,0
5696,0
5513,0
7917,0
8502,0
3285,1
2857,1
5622,0
1685,1
2131,1
8225,0
6469,0
1218,1
9470,0
6404,0
7482,0
9222,0
2448,1
5321,0
6228,0
4468,1
5811,0
4277,1
10405,0
957,1
3218,1
6227,0
5910,0
308,1
6755,0
7748,0
19,1
6447,0
6020,0
1875,1
2854,1
2250,1
7779,0
2615,1
8449,0
1789,1
1640,1
2676,1
7510,0
9424,0
7141,0
8488,0
8536,0
6592,0
7545,0
9187,0
8708,0
2129,1
3240,1
2037,1
2503,1
9467,0
8710,0
2526,1
1682,1
3870,1
2258,1
9416,0
2981,1
10327,0
1762,1
7946,0
2032,1
2284,1
5981,0
4231,1
4302,1
9345,0
2941,1
8361,0
9350,0
7973,0
3869,1
2089,1
4572,1
3106,1
3532,1
3685,1
2291,1
384,1
6006,0
1320,1
187,1
6502,0
2454,1
4591,1
10225,0
3186,1
4518,1
1129,1
1145,1
10005,0
8432,0
5937,0
6563,0
4425,1
948,1
6322,0
8356,0
4131,1
9245,0
7262,0
2918,1
6757,0
2661,1
2927,1
8259,0
7878,0
9693,0
2165,1
5153,1
8455,0
1825,1
7315,0
8095,0
9765,0
3612,1
8053,0
1758,1
3221,1
8675,0
5417,0
2456,1
9903,0
6399,0
3205,1
6078,0
8825,0
3330,1
7301,0
10273,0
4548,1
8819,0
10277,0
1254,1
7584,0
4945,1
8908,0
4470,1
10401,0
2221,1
3998,1
6165,0
8459,0
6454,0
1922,1
4107,1
6019,0
8507,0
8734,0
4275,1
2499,1
1597,1
5537,0
5803,0
7916,0
2969,1
335,1
8845,0
9087,0
2275,1
3977,1
9256,0
8773,0
3062,1
7730,0
9427,0
9533,0
4471,1
9055,0
9893,0
5922,0
9710,0
3988,1
4877,1
6108,0
344,1
3812,1
6920,0
3423,1
7497,0
1374,1
2980,1
9815,0
4913,1
3902,1
8902,0
411,1
4544,1
4837,1
451,1
5909,0
851,1
3634,1
1718,1
6175,0
9079,0
5154,1
9130,0
9821,0
6931,0
10391,0
9483,0
551,1
8583,0
8252,0
5860,0
2765,1
3539,1
8084,0
3906,1
5921,0
8977,0
5599,0
1683,1
74,1
8149,0
9388,0
5664,0
9208,0
1798,1
8985,0
9714,0
8211,0
4976,1
5073,1
3738,1
350,1
7425,0
6903,0
3770,1
8006,0
6844,0
6331,0
6309,0
6681,0
6102,0
4632,1
4503,1
9578,0
3961,1
8813,0
548,1
6685,0
6278,0
4908,1
7556,0
6955,0
6144,0
3536,1
9740,0
5795,0
4911,1
2972,1
5159,1
3753,1
5076,1
5673,0
7922,0
2610,1
6487,0
1787,1
8974,0
10423,0
89,1
415,1
9975,0
386,1
8802,0
6979,0
2731,1
5325,0
3525,1
881,1
4141,1
6265,0
2658,1
2673,1
1462,1
6479,0
8513,0
5198,1
9809,0
9490,0
9156,0
2860,1
2497,1
3485,1
4893,1
8250,0
9498,0
10336,0
3630,1
10044,0
9267,0
121,1
2171,1
9727,0
8061,0
5522,0
9305,0
4368,1
9290,0
9433,0
4075,1
9028,0
9569,0
6430,0
9471,0
8668,0
7855,0
172,1
7344,0
5455,0
46,1
8042,0
9454,0
3239,1
4433,1
349,1
7485,0
8975,0
9153,0
7881,0
10007,0
8880,0
10289,0
4600,1
5393,0
5056,1
320,1
4123,1
6772,0
6046,0
6259,0
3813,1
9178,0
1199,1
6770,0
4168,1
5209,1
7111,0
1739,1
9959,0
3352,1
9385,0
8155,0
6792,0
8152,0
7681,0
148,1
8244,0
3690,1
1802,1
3280,1
2056,1
2474,1
1609,1
10355,0
2290,1
1560,1
4286,1
4411,1
1107,1
5628,0
5230,0
6332,0
5400,0
2621,1
4226,1
6109,0
2402,1
984,1
3248,1
8271,0
4347,1
3005,1
2437,1
1126,1
8227,0
4033,1
5456,0
5168,1
1312,1
1452,1
1645,1
830,1
3389,1
1709,1
5733,0
9443,0
5213,1
7724,0
9894,0
305,1
5333,0
5674,0
2842,1
8598,0
7902,0
3191,1
8742,0
4640,1
7960,0
7399,0
4160,1
2874,1
3563,1
269,1
649,1
3436,1
3699,1
6315,0
9725,0
2314,1
3213,1
809,1
6756,0
8134,0
4485,1
2728,1
5532,0
8090,0
608,1
3848,1
2935,1
9236,0
10364,0
5361,0
2730,1
7306,0
3002,1
9755,0
5804,0
5796,0
3941,1
3805,1
4581,1
8191,0
6429,0
9846,0
549,1
9526,0
6872,0
8643,0
2106,1
5939,0
8107,0
7709,0
4138,1
3641,1
6950,0
9697,0
621,1
7964,0
5042,1
7819,0
7816,0
9564,0
6964,0
3966,1
10417,0
1232,1
2369,1
3265,1
2869,1
7444,0
8068,0
4863,1
7490,0
7397,0
1310,1
9065,0
9261,0
7610,0
516,1
8529,0
9058,0
704,1
8951,0
353,1
926,1
9661,0
7995,0
6749,0
4079,1
1295,1
7909,0
4385,1
370,1
6432,0
5775,0
1202,1
141,1
5957,0
1764,1
7511,0
7206,0
9238,0
6364,0
1183,1
5999,0
1022,1
7982,0
9006,0
3100,1
2401,1
7217,0
8420,0
5355,0
1672,1
9708,0
1571,1
1575,1
1572,1
3571,1
8241,0
3166,1
1657,1
1433,1
8140,0
9423,0
3356,1
7033,0
1523,1
928,1
9479,0
7967,0
8325,0
4922,1
156,1
2388,1
1148,1
7480,0
5083,1
325,1
2390,1
2191,1
4983,1
4608,1
7586,0
2945,1
868,1
6617,0
9488,0
793,1
9976,0
7841,0
9313,0
1637,1
1079,1
2178,1
822,1
5852,0
1961,1
7303,0
4679,1
6038,0
6692,0
2492,1
4276,1
8209,0
3336,1
4773,1
2946,1
8323,0
5349,0
6752,0
8972,0
567,1
9800,0
2531,1
6581,0
4702,1
1796,1
6012,0
5755,0
2053,1
7128,0
8060,0
9023,0
628,1
10178,0
2170,1
7006,0
961,1
7424,0
9264,0
9751,0
4749,1
7017,0
3882,1
2125,1
9816,0
758,1
8102,0
9827,0
8642,0
3748,1
6839,0
8034,0
212,1
5639,0
3635,1
2588,1
9989,0
1705,1
8039,0
5221,1
3950,1
1208,1
4851,1
3078,1
9033,0
8728,0
4009,1
205,1
2789,1
3156,1
5245,0
93,1
160,1
6483,0
1316,1
1213,1
7745,0
4161,1
4223,1
3364,1
57,1
6862,0
1561,1
8128,0
2317,1
8836,0
1892,1
2078,1
5809,0
5480,0
2805,1
820,1
3071,1
2688,1
7162,0
360,1
1759,1
8093,0
5524,0
3587,1
4647,1
4921,1
1353,1
9084,0
7207,0
6101,0
4214,1
9614,0
10351,0
6841,0
8137,0
1405,1
3034,1
6008,0
4987,1
6423,0
5483,0
763,1
2067,1
5701,0
3035,1
4367,1
8145,0
1057,1
1142,1
6415,0
1110,1
5232,0
3373,1
5985,0
3776,1
9469,0
3881,1
7658,0
7049,0
3104,1
8062,0
2035,1
8790,0
5974,0
1862,1
506,1
9791,0
3032,1
2744,1
1924,1
4784,1
2374,1
1075,1
2669,1
7611,0
5746,0
3198,1
4631,1
1338,1
8853,0
20,1
9435,0
10124,0
4201,1
9752,0
5402,0
967,1
8760,0
5145,1
1053,1
8512,0
5820,0
5521,0
4338,1
6402,0
9365,0
9387,0
7340,0
7027,0
9195,0
7852,0
8540,0
7440,0
4272,1
3319,1
4610,1
547,1
4657,1
10018,0
8037,0
10181,0
382,1
8144,0
9617,0
3687,1
6105,0
7021,0
6748,0
241,1
8774,0
6262,0
6058,0
9721,0
4969,1
782,1
6010,0
8080,0
5205,1
2513,1
6505,0
8186,0
10240,0
6206,0
6642,0
3503,1
7786,0
8700,0
2787,1
4691,1
5965,0
10416,0
6081,0
4778,1
2366,1
7296,0
9351,0
7224,0
3582,1
6834,0
9122,0
3481,1
3194,1
6750,0
2462,1
5319,0
3268,1
1486,1
6704,0
3543,1
9361,0
1913,1
9536,0
8933,0
7150,0
264,1
9909,0
6745,0
2473,1
5835,0
7650,0
7408,0
5606,0
5561,0
9686,0
2716,1
5801,0
9957,0
7406,0
1616,1
1372,1
3664,1
3777,1
404,1
2759,1
6151,0
62,1
1231,1
5060,1
6670,0
9662,0
3204,1
8935,0
9062,0
9228,0
2824,1
5235,0
7939,0
2547,1
3742,1
6496,0
7747,0
7807,0
6706,0
7903,0
6874,0
9373,0
7514,0
6330,0
1990,1
9525,0
5352,0
3985,1
2242,1
7053,0
6794,0
9946,0
393,1
5075,1
10223,0
9711,0
845,1
4948,1
5952,0
2606,1
829,1
915,1
8089,0
4313,1
2745,1
2566,1
7838,0
6032,0
6896,0
5440,0
22,1
1813,1
1599,1
10242,0
6116,0
3042,1
9171,0
8088,0
5730,0
2868,1
8532,0
10047,0
1843,1
1667,1
1661,1
262,1
8574,0
5357,0
849,1
3442,1
2896,1
9465,0
3411,1
6017,0
3907,1
7323,0
10183,0
4474,1
4637,1
9759,0
9876,0
215,1
6982,0
3652,1
3916,1
3430,1
3379,1
1033,1
4835,1
9266,0
8416,0
2515,1
9183,0
9315,0
7078,0
8410,0
6851,0
4440,1
2237,1
6717,0
9328,0
5518,0
2324,1
5956,0
299,1
4334,1
7177,0
412,1
8017,0
8463,0
4549,1
5461,0
4714,1
1169,1
4968,1
354,1
10302,0
10395,0
1009,1
5009,1
6248,0
296,1
4417,1
3725,1
2984,1
7015,0
1836,1
9494,0
6466,0
6661,0
2263,1
2452,1
3144,1
9724,0
4706,1
8101,0
5195,1
2482,1
5917,0
3455,1
4817,1
7868,0
5029,1
5267,0
2481,1
1601,1
4418,1
5614,0
1520,1
5734,0
1444,1
1422,1
824,1
4300,1
4690,1
6624,0
1854,1
5523,0
7116,0
2320,1
6385,0
10139,0
4060,1
3271,1
1874,1
537,1
5816,0
1371,1
7187,0
10244,0
1914,1
6181,0
579,1
10039,0
8905,0
998,1
3695,1
5061,1
2319,1
9626,0
5036,1
3279,1
6043,0
2839,1
5300,0
9292,0
5132,1
857,1
10129,0
9340,0
6908,0
3368,1
3471,1
9262,0
4309,1
8506,0
8228,0
5546,0
392,1
8771,0
4885,1
632,1
7813,0
3013,1
2322,1
6943,0
2581,1
5399,0
4642,1
3922,1
5539,0
443,1
8527,0
1996,1
5244,0
8967,0
1513,1
9318,0
3041,1
1643,1
10168,0
4781,1
3904,1
131,1
10280,0
7355,0
5900,0
1017,1
2182,1
3469,1
10170,0
7988,0
10209,0
2707,1
10285,0
10163,0
2646,1
6747,0
6759,0
3075,1
2934,1
8223,0
7780,0
9799,0
7098,0
8567,0
6867,0
4899,1
4791,1
476,1
239,1
3305,1
5298,0
2929,1
6317,0
2241,1
9384,0
7200,0
5964,0
2823,1
1890,1
4363,1
1450,1
9014,0
304,1
2268,1
5334,0
9414,0
8723,0
746,1
8716,0
6869,0
3480,1
9185,0
10378,0
2558,1
521,1
9288,0
7287,0
406,1
10054,0
7152,0
3953,1
10008,0
8141,0
7368,0
3935,1
2550,1
7305,0
7546,0
5110,1
6996,0
8670,0
8520,0
1417,1
1584,1
7002,0
2527,1
2248,1
5335,0
1525,1
1076,1
2181,1
9501,0
5576,0
9814,0
403,1
2273,1
3601,1
3583,1
6556,0
5348,0
10004,0
6068,0
6417,0
5374,0
8609,0
5096,1
3010,1
2279,1
7535,0
6063,0
7719,0
9332,0
3727,1
6698,0
5130,1
196,1
7651,0
6610,0
2562,1
4505,1
10429,0
9896,0
246,1
8788,0
6154,0
6401,0
3816,1
3185,1
5150,1
8620,0
3492,1
4606,1
744,1
4241,1
7212,0
7616,0
5706,0
1536,1
661,1
7097,0
534,1
772,1
8411,0
1592,1
7072,0
5401,0
10142,0
2724,1
4297,1
2704,1
146,1
4829,1
6333,0
1675,1
7843,0
6517,0
2132,1
6142,0
6859,0
1339,1
569,1
6677,0
6237,0
10312,0
1119,1
3229,1
3658,1
784,1
2995,1
1064,1
7793,0
827,1
7270,0
4088,1
6813,0
1877,1
2679,1
8680,0
10338,0
4774,1
8234,0
9405,0
6034,0
9773,0
519,1
4255,1
6157,0
9399,0
2097,1
5078,1
5665,0
1888,1
8364,0
7269,0
2186,1
2085,1
9642,0
1172,1
8550,0
9943,0
8683,0
6898,0
5317,0
8850,0
5650,0
1901,1
5657,0
2354,1
5812,0
2555,1
6236,0
1284,1
2677,1
7046,0
6927,0
8007,0
7883,0
5515,0
9457,0
6667,0
5940,0
6009,0
6666,0
